dataset,type,model_file,threshold,lobes,sites,avg_fps,render_output_dir,base_model_dir,mean_culled_gaussians,culled_gaussians_percent,SSIM,FLIP,baseline_avg_fps
chair,BASELINE,no_culling,0.0,N/A,N/A,198.4333333333333,C:\Bachelorproef\Github\nerficg\output\FasterGS\chair_2026-05-22-17-26-04\baseline_benchmark,C:\Bachelorproef\Github\nerficg\output\FasterGS\chair_2026-05-22-17-26-04,0.0,0.0,1.0,0.0,198.4333333333333
chair,SG,sg_l1_t0_0.npz,0.4,1.0,,551.45,C:\Bachelorproef\Github\nerficg\SG_test\npz_files\chair\SG\threshold_0_0\lobes_1\inference\threshold_0_4,C:\Bachelorproef\Github\nerficg\output\FasterGS\chair_2026-05-22-17-26-04,373669.41,85.4,0.875,0.1277,198.4333333333333
chair,SG,sg_l2_t0_0.npz,0.4,2.0,,396.38,C:\Bachelorproef\Github\nerficg\SG_test\npz_files\chair\SG\threshold_0_0\lobes_2\inference\threshold_0_4,C:\Bachelorproef\Github\nerficg\output\FasterGS\chair_2026-05-22-17-26-04,299265.96,68.4,0.942,0.0734,198.4333333333333
chair,SG,sg_l3_t0_0.npz,0.4,3.0,,245.42,C:\Bachelorproef\Github\nerficg\SG_test\npz_files\chair\SG\threshold_0_0\lobes_3\inference\threshold_0_4,C:\Bachelorproef\Github\nerficg\output\FasterGS\chair_2026-05-22-17-26-04,135586.23,30.99,0.994,0.018,198.4333333333333
chair,SG,sg_l5_t0_0.npz,0.4,5.0,,205.49,C:\Bachelorproef\Github\nerficg\SG_test\npz_files\chair\SG\threshold_0_0\lobes_5\inference\threshold_0_4,C:\Bachelorproef\Github\nerficg\output\FasterGS\chair_2026-05-22-17-26-04,49017.99,11.2,1.0,0.0022,198.4333333333333
chair,SG,sg_l7_t0_0.npz,0.4,7.0,,177.06,C:\Bachelorproef\Github\nerficg\SG_test\npz_files\chair\SG\threshold_0_0\lobes_7\inference\threshold_0_4,C:\Bachelorproef\Github\nerficg\output\FasterGS\chair_2026-05-22-17-26-04,30063.1,6.87,1.0,0.0005,198.4333333333333
chair,SG,sg_l9_t0_0.npz,0.4,9.0,,186.52,C:\Bachelorproef\Github\nerficg\SG_test\npz_files\chair\SG\threshold_0_0\lobes_9\inference\threshold_0_4,C:\Bachelorproef\Github\nerficg\output\FasterGS\chair_2026-05-22-17-26-04,20496.6,4.68,1.0,0.0001,198.4333333333333
chair,SV,sv_s1_t0_temp5.npz,0.4,,1.0,205.28,C:\Bachelorproef\Github\nerficg\SG_test\npz_files\chair\SV\threshold_0\sites_1\inference\threshold_0_4,C:\Bachelorproef\Github\nerficg\output\FasterGS\chair_2026-05-22-17-26-04,7947.0,1.82,0.999,0.0049,198.4333333333333
chair,SV,sv_s2_t0_temp5.npz,0.4,,2.0,202.92,C:\Bachelorproef\Github\nerficg\SG_test\npz_files\chair\SV\threshold_0\sites_2\inference\threshold_0_4,C:\Bachelorproef\Github\nerficg\output\FasterGS\chair_2026-05-22-17-26-04,10665.84,2.44,0.999,0.0037,198.4333333333333
chair,SV,sv_s3_t0_temp5.npz,0.4,,3.0,200.87,C:\Bachelorproef\Github\nerficg\SG_test\npz_files\chair\SV\threshold_0\sites_3\inference\threshold_0_4,C:\Bachelorproef\Github\nerficg\output\FasterGS\chair_2026-05-22-17-26-04,13496.27,3.08,1.0,0.0031,198.4333333333333
chair,SV,sv_s5_t0_temp5.npz,0.4,,5.0,199.66,C:\Bachelorproef\Github\nerficg\SG_test\npz_files\chair\SV\threshold_0\sites_5\inference\threshold_0_4,C:\Bachelorproef\Github\nerficg\output\FasterGS\chair_2026-05-22-17-26-04,17372.8,3.97,1.0,0.0013,198.4333333333333
chair,SV,sv_s7_t0_temp5.npz,0.4,,7.0,195.8,C:\Bachelorproef\Github\nerficg\SG_test\npz_files\chair\SV\threshold_0\sites_7\inference\threshold_0_4,C:\Bachelorproef\Github\nerficg\output\FasterGS\chair_2026-05-22-17-26-04,20480.73,4.68,1.0,0.0011,198.4333333333333
chair,SV,sv_s9_t0_temp5.npz,0.4,,9.0,193.24,C:\Bachelorproef\Github\nerficg\SG_test\npz_files\chair\SV\threshold_0\sites_9\inference\threshold_0_4,C:\Bachelorproef\Github\nerficg\output\FasterGS\chair_2026-05-22-17-26-04,22197.67,5.07,1.0,0.001,198.4333333333333
drums,BASELINE,no_culling,0.0,N/A,N/A,240.82333333333335,C:\Bachelorproef\Github\nerficg\output\FasterGS\drums_2026-05-20-09-34-12\baseline_benchmark,C:\Bachelorproef\Github\nerficg\output\FasterGS\drums_2026-05-20-09-34-12,0.0,0.0,1.0,0.0,240.82333333333335
drums,SG,sg_l1_t0_0.npz,0.4,1.0,,563.13,C:\Bachelorproef\Github\nerficg\SG_test\npz_files\drums\SG\threshold_0_0\lobes_1\inference\threshold_0_4,C:\Bachelorproef\Github\nerficg\output\FasterGS\drums_2026-05-20-09-34-12,267982.21,79.24,0.895,0.0962,240.82333333333335
drums,SG,sg_l2_t0_0.npz,0.4,2.0,,400.65,C:\Bachelorproef\Github\nerficg\SG_test\npz_files\drums\SG\threshold_0_0\lobes_2\inference\threshold_0_4,C:\Bachelorproef\Github\nerficg\output\FasterGS\drums_2026-05-20-09-34-12,192202.22,56.83,0.96,0.0525,240.82333333333335
drums,SG,sg_l3_t0_0.npz,0.4,3.0,,323.9,C:\Bachelorproef\Github\nerficg\SG_test\npz_files\drums\SG\threshold_0_0\lobes_3\inference\threshold_0_4,C:\Bachelorproef\Github\nerficg\output\FasterGS\drums_2026-05-20-09-34-12,134915.44,39.89,0.984,0.0317,240.82333333333335
drums,SG,sg_l5_t0_0.npz,0.4,5.0,,254.24,C:\Bachelorproef\Github\nerficg\SG_test\npz_files\drums\SG\threshold_0_0\lobes_5\inference\threshold_0_4,C:\Bachelorproef\Github\nerficg\output\FasterGS\drums_2026-05-20-09-34-12,43781.94,12.95,0.999,0.0035,240.82333333333335
drums,SG,sg_l7_t0_0.npz,0.4,7.0,,237.19,C:\Bachelorproef\Github\nerficg\SG_test\npz_files\drums\SG\threshold_0_0\lobes_7\inference\threshold_0_4,C:\Bachelorproef\Github\nerficg\output\FasterGS\drums_2026-05-20-09-34-12,27587.12,8.16,1.0,0.0007,240.82333333333335
drums,SG,sg_l9_t0_0.npz,0.4,9.0,,229.69,C:\Bachelorproef\Github\nerficg\SG_test\npz_files\drums\SG\threshold_0_0\lobes_9\inference\threshold_0_4,C:\Bachelorproef\Github\nerficg\output\FasterGS\drums_2026-05-20-09-34-12,19050.9,5.63,1.0,0.0002,240.82333333333335
drums,SV,sv_s1_t0_temp5.npz,0.4,,1.0,254.96,C:\Bachelorproef\Github\nerficg\SG_test\npz_files\drums\SV\threshold_0\sites_1\inference\threshold_0_4,C:\Bachelorproef\Github\nerficg\output\FasterGS\drums_2026-05-20-09-34-12,15743.42,4.66,0.998,0.0079,240.82333333333335
drums,SV,sv_s2_t0_temp5.npz,0.4,,2.0,253.53,C:\Bachelorproef\Github\nerficg\SG_test\npz_files\drums\SV\threshold_0\sites_2\inference\threshold_0_4,C:\Bachelorproef\Github\nerficg\output\FasterGS\drums_2026-05-20-09-34-12,15554.33,4.6,0.999,0.0062,240.82333333333335
drums,SV,sv_s3_t0_temp5.npz,0.4,,3.0,250.25,C:\Bachelorproef\Github\nerficg\SG_test\npz_files\drums\SV\threshold_0\sites_3\inference\threshold_0_4,C:\Bachelorproef\Github\nerficg\output\FasterGS\drums_2026-05-20-09-34-12,15691.49,4.64,0.999,0.0053,240.82333333333335
drums,SV,sv_s5_t0_temp5.npz,0.4,,5.0,244.58,C:\Bachelorproef\Github\nerficg\SG_test\npz_files\drums\SV\threshold_0\sites_5\inference\threshold_0_4,C:\Bachelorproef\Github\nerficg\output\FasterGS\drums_2026-05-20-09-34-12,14579.84,4.31,1.0,0.0023,240.82333333333335
drums,SV,sv_s7_t0_temp5.npz,0.4,,7.0,239.35,C:\Bachelorproef\Github\nerficg\SG_test\npz_files\drums\SV\threshold_0\sites_7\inference\threshold_0_4,C:\Bachelorproef\Github\nerficg\output\FasterGS\drums_2026-05-20-09-34-12,15485.59,4.58,1.0,0.0019,240.82333333333335
drums,SV,sv_s9_t0_temp5.npz,0.4,,9.0,235.53,C:\Bachelorproef\Github\nerficg\SG_test\npz_files\drums\SV\threshold_0\sites_9\inference\threshold_0_4,C:\Bachelorproef\Github\nerficg\output\FasterGS\drums_2026-05-20-09-34-12,16118.33,4.77,1.0,0.0018,240.82333333333335
ficus,BASELINE,no_culling,0.0,N/A,N/A,423.37999999999994,C:\Bachelorproef\Github\nerficg\output\FasterGS\ficus_2026-05-22-17-41-42\baseline_benchmark,C:\Bachelorproef\Github\nerficg\output\FasterGS\ficus_2026-05-22-17-41-42,0.0,0.0,1.0,0.0,423.37999999999994
ficus,SG,sg_l1_t0_0.npz,0.4,1.0,,1047.03,C:\Bachelorproef\Github\nerficg\SG_test\npz_files\ficus\SG\threshold_0_0\lobes_1\inference\threshold_0_4,C:\Bachelorproef\Github\nerficg\output\FasterGS\ficus_2026-05-22-17-41-42,146891.22,85.96,0.892,0.1033,423.37999999999994
ficus,SG,sg_l2_t0_0.npz,0.4,2.0,,829.61,C:\Bachelorproef\Github\nerficg\SG_test\npz_files\ficus\SG\threshold_0_0\lobes_2\inference\threshold_0_4,C:\Bachelorproef\Github\nerficg\output\FasterGS\ficus_2026-05-22-17-41-42,113540.71,66.44,0.941,0.0741,423.37999999999994
ficus,SG,sg_l3_t0_0.npz,0.4,3.0,,678.66,C:\Bachelorproef\Github\nerficg\SG_test\npz_files\ficus\SG\threshold_0_0\lobes_3\inference\threshold_0_4,C:\Bachelorproef\Github\nerficg\output\FasterGS\ficus_2026-05-22-17-41-42,85452.05,50.01,0.967,0.0549,423.37999999999994
ficus,SG,sg_l5_t0_0.npz,0.4,5.0,,451.15,C:\Bachelorproef\Github\nerficg\SG_test\npz_files\ficus\SG\threshold_0_0\lobes_5\inference\threshold_0_4,C:\Bachelorproef\Github\nerficg\output\FasterGS\ficus_2026-05-22-17-41-42,12546.04,7.34,0.998,0.0123,423.37999999999994
ficus,SG,sg_l7_t0_0.npz,0.4,7.0,,413.79,C:\Bachelorproef\Github\nerficg\SG_test\npz_files\ficus\SG\threshold_0_0\lobes_7\inference\threshold_0_4,C:\Bachelorproef\Github\nerficg\output\FasterGS\ficus_2026-05-22-17-41-42,1754.31,1.03,1.0,0.0024,423.37999999999994
ficus,SG,sg_l9_t0_0.npz,0.4,9.0,,405.62,C:\Bachelorproef\Github\nerficg\SG_test\npz_files\ficus\SG\threshold_0_0\lobes_9\inference\threshold_0_4,C:\Bachelorproef\Github\nerficg\output\FasterGS\ficus_2026-05-22-17-41-42,349.7,0.2,1.0,0.0002,423.37999999999994
ficus,SV,sv_s1_t0_temp5.npz,0.4,,1.0,472.92,C:\Bachelorproef\Github\nerficg\SG_test\npz_files\ficus\SV\threshold_0\sites_1\inference\threshold_0_4,C:\Bachelorproef\Github\nerficg\output\FasterGS\ficus_2026-05-22-17-41-42,14041.0,8.22,0.998,0.0121,423.37999999999994
ficus,SV,sv_s2_t0_temp5.npz,0.4,,2.0,463.76,C:\Bachelorproef\Github\nerficg\SG_test\npz_files\ficus\SV\threshold_0\sites_2\inference\threshold_0_4,C:\Bachelorproef\Github\nerficg\output\FasterGS\ficus_2026-05-22-17-41-42,11912.92,6.97,0.998,0.0107,423.37999999999994
ficus,SV,sv_s3_t0_temp5.npz,0.4,,3.0,456.26,C:\Bachelorproef\Github\nerficg\SG_test\npz_files\ficus\SV\threshold_0\sites_3\inference\threshold_0_4,C:\Bachelorproef\Github\nerficg\output\FasterGS\ficus_2026-05-22-17-41-42,9928.15,5.81,0.999,0.0094,423.37999999999994
ficus,SV,sv_s5_t0_temp5.npz,0.4,,5.0,437.68,C:\Bachelorproef\Github\nerficg\SG_test\npz_files\ficus\SV\threshold_0\sites_5\inference\threshold_0_4,C:\Bachelorproef\Github\nerficg\output\FasterGS\ficus_2026-05-22-17-41-42,3457.67,2.02,1.0,0.0043,423.37999999999994
ficus,SV,sv_s7_t0_temp5.npz,0.4,,7.0,427.98,C:\Bachelorproef\Github\nerficg\SG_test\npz_files\ficus\SV\threshold_0\sites_7\inference\threshold_0_4,C:\Bachelorproef\Github\nerficg\output\FasterGS\ficus_2026-05-22-17-41-42,2975.01,1.74,1.0,0.0038,423.37999999999994
ficus,SV,sv_s9_t0_temp5.npz,0.4,,9.0,422.86,C:\Bachelorproef\Github\nerficg\SG_test\npz_files\ficus\SV\threshold_0\sites_9\inference\threshold_0_4,C:\Bachelorproef\Github\nerficg\output\FasterGS\ficus_2026-05-22-17-41-42,2695.11,1.58,1.0,0.0034,423.37999999999994
hotdog,BASELINE,no_culling,0.0,N/A,N/A,272.4633333333333,C:\Bachelorproef\Github\nerficg\output\FasterGS\hotdog_2026-05-22-18-01-01\baseline_benchmark,C:\Bachelorproef\Github\nerficg\output\FasterGS\hotdog_2026-05-22-18-01-01,0.0,0.0,1.0,0.0,272.4633333333333
hotdog,SG,sg_l1_t0_0.npz,0.4,1.0,,913.94,C:\Bachelorproef\Github\nerficg\SG_test\npz_files\hotdog\SG\threshold_0_0\lobes_1\inference\threshold_0_4,C:\Bachelorproef\Github\nerficg\output\FasterGS\hotdog_2026-05-22-18-01-01,155979.67,91.18,0.816,0.1955,272.4633333333333
hotdog,SG,sg_l2_t0_0.npz,0.4,2.0,,707.58,C:\Bachelorproef\Github\nerficg\SG_test\npz_files\hotdog\SG\threshold_0_0\lobes_2\inference\threshold_0_4,C:\Bachelorproef\Github\nerficg\output\FasterGS\hotdog_2026-05-22-18-01-01,139921.95,81.79,0.877,0.1464,272.4633333333333
hotdog,SG,sg_l3_t0_0.npz,0.4,3.0,,475.84,C:\Bachelorproef\Github\nerficg\SG_test\npz_files\hotdog\SG\threshold_0_0\lobes_3\inference\threshold_0_4,C:\Bachelorproef\Github\nerficg\output\FasterGS\hotdog_2026-05-22-18-01-01,104452.3,61.06,0.954,0.0766,272.4633333333333
hotdog,SG,sg_l5_t0_0.npz,0.4,5.0,,364.92,C:\Bachelorproef\Github\nerficg\SG_test\npz_files\hotdog\SG\threshold_0_0\lobes_5\inference\threshold_0_4,C:\Bachelorproef\Github\nerficg\output\FasterGS\hotdog_2026-05-22-18-01-01,67620.7,39.53,0.984,0.0411,272.4633333333333
hotdog,SG,sg_l7_t0_0.npz,0.4,7.0,,283.62,C:\Bachelorproef\Github\nerficg\SG_test\npz_files\hotdog\SG\threshold_0_0\lobes_7\inference\threshold_0_4,C:\Bachelorproef\Github\nerficg\output\FasterGS\hotdog_2026-05-22-18-01-01,11283.05,6.6,1.0,0.0026,272.4633333333333
hotdog,SG,sg_l9_t0_0.npz,0.4,9.0,,277.28,C:\Bachelorproef\Github\nerficg\SG_test\npz_files\hotdog\SG\threshold_0_0\lobes_9\inference\threshold_0_4,C:\Bachelorproef\Github\nerficg\output\FasterGS\hotdog_2026-05-22-18-01-01,5337.94,3.12,1.0,0.0005,272.4633333333333
hotdog,SV,sv_s1_t0_temp5.npz,0.4,,1.0,302.01,C:\Bachelorproef\Github\nerficg\SG_test\npz_files\hotdog\SV\threshold_0\sites_1\inference\threshold_0_4,C:\Bachelorproef\Github\nerficg\output\FasterGS\hotdog_2026-05-22-18-01-01,15191.0,8.88,0.996,0.016,272.4633333333333
hotdog,SV,sv_s2_t0_temp5.npz,0.4,,2.0,312.62,C:\Bachelorproef\Github\nerficg\SG_test\npz_files\hotdog\SV\threshold_0\sites_2\inference\threshold_0_4,C:\Bachelorproef\Github\nerficg\output\FasterGS\hotdog_2026-05-22-18-01-01,23141.06,13.53,0.995,0.0211,272.4633333333333
hotdog,SV,sv_s3_t0_temp5.npz,0.4,,3.0,298.07,C:\Bachelorproef\Github\nerficg\SG_test\npz_files\hotdog\SV\threshold_0\sites_3\inference\threshold_0_4,C:\Bachelorproef\Github\nerficg\output\FasterGS\hotdog_2026-05-22-18-01-01,12288.69,7.18,0.998,0.0124,272.4633333333333
hotdog,SV,sv_s5_t0_temp5.npz,0.4,,5.0,289.45,C:\Bachelorproef\Github\nerficg\SG_test\npz_files\hotdog\SV\threshold_0\sites_5\inference\threshold_0_4,C:\Bachelorproef\Github\nerficg\output\FasterGS\hotdog_2026-05-22-18-01-01,6808.16,3.98,0.999,0.0057,272.4633333333333
hotdog,SV,sv_s7_t0_temp5.npz,0.4,,7.0,284.84,C:\Bachelorproef\Github\nerficg\SG_test\npz_files\hotdog\SV\threshold_0\sites_7\inference\threshold_0_4,C:\Bachelorproef\Github\nerficg\output\FasterGS\hotdog_2026-05-22-18-01-01,6831.98,3.99,0.999,0.0052,272.4633333333333
hotdog,SV,sv_s9_t0_temp5.npz,0.4,,9.0,282.65,C:\Bachelorproef\Github\nerficg\SG_test\npz_files\hotdog\SV\threshold_0\sites_9\inference\threshold_0_4,C:\Bachelorproef\Github\nerficg\output\FasterGS\hotdog_2026-05-22-18-01-01,6913.1,4.04,0.999,0.0049,272.4633333333333
lego,BASELINE,no_culling,0.0,N/A,N/A,226.41333333333333,C:\Bachelorproef\Github\nerficg\output\FasterGS\fastergs_lego_2026-05-20-09-48-19\baseline_benchmark,C:\Bachelorproef\Github\nerficg\output\FasterGS\fastergs_lego_2026-05-20-09-48-19,0.0,0.0,1.0,0.0,226.41333333333333
lego,SG,sg_l1_t0_0.npz,0.4,1.0,,742.21,C:\Bachelorproef\Github\nerficg\SG_test\npz_files\lego\SG\threshold_0_0\lobes_1\inference\threshold_0_4,C:\Bachelorproef\Github\nerficg\output\FasterGS\fastergs_lego_2026-05-20-09-48-19,288771.68,91.19,0.769,0.2062,226.41333333333333
lego,SG,sg_l2_t0_0.npz,0.4,2.0,,442.19,C:\Bachelorproef\Github\nerficg\SG_test\npz_files\lego\SG\threshold_0_0\lobes_2\inference\threshold_0_4,C:\Bachelorproef\Github\nerficg\output\FasterGS\fastergs_lego_2026-05-20-09-48-19,211871.17,66.91,0.916,0.0965,226.41333333333333
lego,SG,sg_l3_t0_0.npz,0.4,3.0,,384.91,C:\Bachelorproef\Github\nerficg\SG_test\npz_files\lego\SG\threshold_0_0\lobes_3\inference\threshold_0_4,C:\Bachelorproef\Github\nerficg\output\FasterGS\fastergs_lego_2026-05-20-09-48-19,184008.04,58.11,0.941,0.0762,226.41333333333333
lego,SG,sg_l5_t0_0.npz,0.4,5.0,,239.66,C:\Bachelorproef\Github\nerficg\SG_test\npz_files\lego\SG\threshold_0_0\lobes_5\inference\threshold_0_4,C:\Bachelorproef\Github\nerficg\output\FasterGS\fastergs_lego_2026-05-20-09-48-19,32841.05,10.37,0.999,0.0046,226.41333333333333
lego,SG,sg_l7_t0_0.npz,0.4,7.0,,225.73,C:\Bachelorproef\Github\nerficg\SG_test\npz_files\lego\SG\threshold_0_0\lobes_7\inference\threshold_0_4,C:\Bachelorproef\Github\nerficg\output\FasterGS\fastergs_lego_2026-05-20-09-48-19,15917.32,5.03,1.0,0.0009,226.41333333333333
lego,SG,sg_l9_t0_0.npz,0.4,9.0,,220.16,C:\Bachelorproef\Github\nerficg\SG_test\npz_files\lego\SG\threshold_0_0\lobes_9\inference\threshold_0_4,C:\Bachelorproef\Github\nerficg\output\FasterGS\fastergs_lego_2026-05-20-09-48-19,9237.29,2.92,1.0,0.0003,226.41333333333333
lego,SV,sv_s1_t0_temp5.npz,0.4,,1.0,247.63,C:\Bachelorproef\Github\nerficg\SG_test\npz_files\lego\SV\threshold_0\sites_1\inference\threshold_0_4,C:\Bachelorproef\Github\nerficg\output\FasterGS\fastergs_lego_2026-05-20-09-48-19,19541.0,6.17,0.996,0.0145,226.41333333333333
lego,SV,sv_s2_t0_temp5.npz,0.4,,2.0,243.5,C:\Bachelorproef\Github\nerficg\SG_test\npz_files\lego\SV\threshold_0\sites_2\inference\threshold_0_4,C:\Bachelorproef\Github\nerficg\output\FasterGS\fastergs_lego_2026-05-20-09-48-19,16558.67,5.23,0.997,0.0121,226.41333333333333
lego,SV,sv_s3_t0_temp5.npz,0.4,,3.0,240.41,C:\Bachelorproef\Github\nerficg\SG_test\npz_files\lego\SV\threshold_0\sites_3\inference\threshold_0_4,C:\Bachelorproef\Github\nerficg\output\FasterGS\fastergs_lego_2026-05-20-09-48-19,14544.71,4.59,0.998,0.0104,226.41333333333333
lego,SV,sv_s5_t0_temp5.npz,0.4,,5.0,232.66,C:\Bachelorproef\Github\nerficg\SG_test\npz_files\lego\SV\threshold_0\sites_5\inference\threshold_0_4,C:\Bachelorproef\Github\nerficg\output\FasterGS\fastergs_lego_2026-05-20-09-48-19,6033.16,1.91,1.0,0.0026,226.41333333333333
lego,SV,sv_s7_t0_temp5.npz,0.4,,7.0,228.61,C:\Bachelorproef\Github\nerficg\SG_test\npz_files\lego\SV\threshold_0\sites_7\inference\threshold_0_4,C:\Bachelorproef\Github\nerficg\output\FasterGS\fastergs_lego_2026-05-20-09-48-19,7030.52,2.22,1.0,0.0024,226.41333333333333
lego,SV,sv_s9_t0_temp5.npz,0.4,,9.0,225.39,C:\Bachelorproef\Github\nerficg\SG_test\npz_files\lego\SV\threshold_0\sites_9\inference\threshold_0_4,C:\Bachelorproef\Github\nerficg\output\FasterGS\fastergs_lego_2026-05-20-09-48-19,7763.66,2.45,1.0,0.0021,226.41333333333333
materials,BASELINE,no_culling,0.0,N/A,N/A,366.5566666666667,C:\Bachelorproef\Github\nerficg\output\FasterGS\materials_2026-05-22-17-51-21\baseline_benchmark,C:\Bachelorproef\Github\nerficg\output\FasterGS\materials_2026-05-22-17-51-21,0.0,0.0,1.0,0.0,366.5566666666667
materials,SG,sg_l1_t0_0.npz,0.4,1.0,,999.7,C:\Bachelorproef\Github\nerficg\SG_test\npz_files\materials\SG\threshold_0_0\lobes_1\inference\threshold_0_4,C:\Bachelorproef\Github\nerficg\output\FasterGS\materials_2026-05-22-17-51-21,129990.3,90.02,0.824,0.1349,366.5566666666667
materials,SG,sg_l2_t0_0.npz,0.4,2.0,,868.07,C:\Bachelorproef\Github\nerficg\SG_test\npz_files\materials\SG\threshold_0_0\lobes_2\inference\threshold_0_4,C:\Bachelorproef\Github\nerficg\output\FasterGS\materials_2026-05-22-17-51-21,118739.98,82.22,0.865,0.11,366.5566666666667
materials,SG,sg_l3_t0_0.npz,0.4,3.0,,600.86,C:\Bachelorproef\Github\nerficg\SG_test\npz_files\materials\SG\threshold_0_0\lobes_3\inference\threshold_0_4,C:\Bachelorproef\Github\nerficg\output\FasterGS\materials_2026-05-22-17-51-21,86234.68,59.72,0.945,0.0634,366.5566666666667
materials,SG,sg_l5_t0_0.npz,0.4,5.0,,417.45,C:\Bachelorproef\Github\nerficg\SG_test\npz_files\materials\SG\threshold_0_0\lobes_5\inference\threshold_0_4,C:\Bachelorproef\Github\nerficg\output\FasterGS\materials_2026-05-22-17-51-21,33572.99,23.25,0.994,0.0179,366.5566666666667
materials,SG,sg_l7_t0_0.npz,0.4,7.0,,381.15,C:\Bachelorproef\Github\nerficg\SG_test\npz_files\materials\SG\threshold_0_0\lobes_7\inference\threshold_0_4,C:\Bachelorproef\Github\nerficg\output\FasterGS\materials_2026-05-22-17-51-21,17176.19,11.89,0.999,0.0061,366.5566666666667
materials,SG,sg_l9_t0_0.npz,0.4,9.0,,368.76,C:\Bachelorproef\Github\nerficg\SG_test\npz_files\materials\SG\threshold_0_0\lobes_9\inference\threshold_0_4,C:\Bachelorproef\Github\nerficg\output\FasterGS\materials_2026-05-22-17-51-21,8682.92,6.01,1.0,0.0014,366.5566666666667
materials,SV,sv_s1_t0_temp5.npz,0.4,,1.0,401.51,C:\Bachelorproef\Github\nerficg\SG_test\npz_files\materials\SV\threshold_0\sites_1\inference\threshold_0_4,C:\Bachelorproef\Github\nerficg\output\FasterGS\materials_2026-05-22-17-51-21,11119.0,7.7,0.995,0.0157,366.5566666666667
materials,SV,sv_s2_t0_temp5.npz,0.4,,2.0,396.91,C:\Bachelorproef\Github\nerficg\SG_test\npz_files\materials\SV\threshold_0\sites_2\inference\threshold_0_4,C:\Bachelorproef\Github\nerficg\output\FasterGS\materials_2026-05-22-17-51-21,9518.81,6.59,0.996,0.0138,366.5566666666667
materials,SV,sv_s3_t0_temp5.npz,0.4,,3.0,394.0,C:\Bachelorproef\Github\nerficg\SG_test\npz_files\materials\SV\threshold_0\sites_3\inference\threshold_0_4,C:\Bachelorproef\Github\nerficg\output\FasterGS\materials_2026-05-22-17-51-21,8352.99,5.78,0.997,0.012,366.5566666666667
materials,SV,sv_s5_t0_temp5.npz,0.4,,5.0,386.15,C:\Bachelorproef\Github\nerficg\SG_test\npz_files\materials\SV\threshold_0\sites_5\inference\threshold_0_4,C:\Bachelorproef\Github\nerficg\output\FasterGS\materials_2026-05-22-17-51-21,6541.34,4.53,0.998,0.0091,366.5566666666667
materials,SV,sv_s7_t0_temp5.npz,0.4,,7.0,383.79,C:\Bachelorproef\Github\nerficg\SG_test\npz_files\materials\SV\threshold_0\sites_7\inference\threshold_0_4,C:\Bachelorproef\Github\nerficg\output\FasterGS\materials_2026-05-22-17-51-21,9003.14,6.23,0.997,0.0119,366.5566666666667
materials,SV,sv_s9_t0_temp5.npz,0.4,,9.0,376.16,C:\Bachelorproef\Github\nerficg\SG_test\npz_files\materials\SV\threshold_0\sites_9\inference\threshold_0_4,C:\Bachelorproef\Github\nerficg\output\FasterGS\materials_2026-05-22-17-51-21,6292.1,4.36,0.998,0.0078,366.5566666666667
mic,BASELINE,no_culling,0.0,N/A,N/A,374.54333333333335,C:\Bachelorproef\Github\nerficg\output\FasterGS\mic_2026-05-20-10-03-34\baseline_benchmark,C:\Bachelorproef\Github\nerficg\output\FasterGS\mic_2026-05-20-10-03-34,0.0,0.0,1.0,0.0,374.54333333333335
mic,SG,sg_l1_t0_0.npz,0.4,1.0,,1000.34,C:\Bachelorproef\Github\nerficg\SG_test\npz_files\mic\SG\threshold_0_0\lobes_1\inference\threshold_0_4,C:\Bachelorproef\Github\nerficg\output\FasterGS\mic_2026-05-20-10-03-34,155831.28,88.35,0.922,0.0552,374.54333333333335
mic,SG,sg_l2_t0_0.npz,0.4,2.0,,874.2,C:\Bachelorproef\Github\nerficg\SG_test\npz_files\mic\SG\threshold_0_0\lobes_2\inference\threshold_0_4,C:\Bachelorproef\Github\nerficg\output\FasterGS\mic_2026-05-20-10-03-34,141147.14,80.03,0.944,0.0438,374.54333333333335
mic,SG,sg_l3_t0_0.npz,0.4,3.0,,571.0,C:\Bachelorproef\Github\nerficg\SG_test\npz_files\mic\SG\threshold_0_0\lobes_3\inference\threshold_0_4,C:\Bachelorproef\Github\nerficg\output\FasterGS\mic_2026-05-20-10-03-34,84819.29,48.09,0.988,0.018,374.54333333333335
mic,SG,sg_l5_t0_0.npz,0.4,5.0,,417.83,C:\Bachelorproef\Github\nerficg\SG_test\npz_files\mic\SG\threshold_0_0\lobes_5\inference\threshold_0_4,C:\Bachelorproef\Github\nerficg\output\FasterGS\mic_2026-05-20-10-03-34,29896.02,16.95,0.999,0.0037,374.54333333333335
mic,SG,sg_l7_t0_0.npz,0.4,7.0,,379.6,C:\Bachelorproef\Github\nerficg\SG_test\npz_files\mic\SG\threshold_0_0\lobes_7\inference\threshold_0_4,C:\Bachelorproef\Github\nerficg\output\FasterGS\mic_2026-05-20-10-03-34,15384.48,8.72,1.0,0.0009,374.54333333333335
mic,SG,sg_l9_t0_0.npz,0.4,9.0,,365.51,C:\Bachelorproef\Github\nerficg\SG_test\npz_files\mic\SG\threshold_0_0\lobes_9\inference\threshold_0_4,C:\Bachelorproef\Github\nerficg\output\FasterGS\mic_2026-05-20-10-03-34,8640.92,4.9,1.0,0.0002,374.54333333333335
mic,SV,sv_s1_t0_temp5.npz,0.4,,1.0,404.85,C:\Bachelorproef\Github\nerficg\SG_test\npz_files\mic\SV\threshold_0\sites_1\inference\threshold_0_4,C:\Bachelorproef\Github\nerficg\output\FasterGS\mic_2026-05-20-10-03-34,13445.86,7.62,0.999,0.0059,374.54333333333335
mic,SV,sv_s2_t0_temp5.npz,0.4,,2.0,400.95,C:\Bachelorproef\Github\nerficg\SG_test\npz_files\mic\SV\threshold_0\sites_2\inference\threshold_0_4,C:\Bachelorproef\Github\nerficg\output\FasterGS\mic_2026-05-20-10-03-34,12178.93,6.91,0.999,0.005,374.54333333333335
mic,SV,sv_s3_t0_temp5.npz,0.4,,3.0,396.81,C:\Bachelorproef\Github\nerficg\SG_test\npz_files\mic\SV\threshold_0\sites_3\inference\threshold_0_4,C:\Bachelorproef\Github\nerficg\output\FasterGS\mic_2026-05-20-10-03-34,11484.11,6.51,0.999,0.0046,374.54333333333335
mic,SV,sv_s5_t0_temp5.npz,0.4,,5.0,387.24,C:\Bachelorproef\Github\nerficg\SG_test\npz_files\mic\SV\threshold_0\sites_5\inference\threshold_0_4,C:\Bachelorproef\Github\nerficg\output\FasterGS\mic_2026-05-20-10-03-34,7495.86,4.25,1.0,0.0024,374.54333333333335
mic,SV,sv_s7_t0_temp5.npz,0.4,,7.0,378.28,C:\Bachelorproef\Github\nerficg\SG_test\npz_files\mic\SV\threshold_0\sites_7\inference\threshold_0_4,C:\Bachelorproef\Github\nerficg\output\FasterGS\mic_2026-05-20-10-03-34,7405.52,4.2,1.0,0.0022,374.54333333333335
mic,SV,sv_s9_t0_temp5.npz,0.4,,9.0,374.65,C:\Bachelorproef\Github\nerficg\SG_test\npz_files\mic\SV\threshold_0\sites_9\inference\threshold_0_4,C:\Bachelorproef\Github\nerficg\output\FasterGS\mic_2026-05-20-10-03-34,7472.28,4.24,1.0,0.0019,374.54333333333335
ship,BASELINE,no_culling,0.0,N/A,N/A,254.18999999999997,C:\Bachelorproef\Github\nerficg\output\FasterGS\ship_2026-05-20-10-15-28\baseline_benchmark,C:\Bachelorproef\Github\nerficg\output\FasterGS\ship_2026-05-20-10-15-28,0.0,0.0,1.0,0.0,254.18999999999997
ship,SG,sg_l1_t0_0.npz,0.4,1.0,,749.25,C:\Bachelorproef\Github\nerficg\SG_test\npz_files\ship\SG\threshold_0_0\lobes_1\inference\threshold_0_4,C:\Bachelorproef\Github\nerficg\output\FasterGS\ship_2026-05-20-10-15-28,203181.29,84.78,0.727,0.2062,254.18999999999997
ship,SG,sg_l2_t0_0.npz,0.4,2.0,,509.39,C:\Bachelorproef\Github\nerficg\SG_test\npz_files\ship\SG\threshold_0_0\lobes_2\inference\threshold_0_4,C:\Bachelorproef\Github\nerficg\output\FasterGS\ship_2026-05-20-10-15-28,149630.25,62.43,0.86,0.1318,254.18999999999997
ship,SG,sg_l3_t0_0.npz,0.4,3.0,,309.69,C:\Bachelorproef\Github\nerficg\SG_test\npz_files\ship\SG\threshold_0_0\lobes_3\inference\threshold_0_4,C:\Bachelorproef\Github\nerficg\output\FasterGS\ship_2026-05-20-10-15-28,52731.9,22.0,0.972,0.0488,254.18999999999997
ship,SG,sg_l5_t0_0.npz,0.4,5.0,,262.65,C:\Bachelorproef\Github\nerficg\SG_test\npz_files\ship\SG\threshold_0_0\lobes_5\inference\threshold_0_4,C:\Bachelorproef\Github\nerficg\output\FasterGS\ship_2026-05-20-10-15-28,10815.92,4.51,0.997,0.0102,254.18999999999997
ship,SG,sg_l7_t0_0.npz,0.4,7.0,,250.07,C:\Bachelorproef\Github\nerficg\SG_test\npz_files\ship\SG\threshold_0_0\lobes_7\inference\threshold_0_4,C:\Bachelorproef\Github\nerficg\output\FasterGS\ship_2026-05-20-10-15-28,3242.95,1.35,1.0,0.0014,254.18999999999997
ship,SG,sg_l9_t0_0.npz,0.4,9.0,,246.32,C:\Bachelorproef\Github\nerficg\SG_test\npz_files\ship\SG\threshold_0_0\lobes_9\inference\threshold_0_4,C:\Bachelorproef\Github\nerficg\output\FasterGS\ship_2026-05-20-10-15-28,1432.2,0.6,1.0,0.0001,254.18999999999997
ship,SV,sv_s1_t0_temp5.npz,0.4,,1.0,270.19,C:\Bachelorproef\Github\nerficg\SG_test\npz_files\ship\SV\threshold_0\sites_1\inference\threshold_0_4,C:\Bachelorproef\Github\nerficg\output\FasterGS\ship_2026-05-20-10-15-28,8318.83,3.47,0.996,0.0145,254.18999999999997
ship,SV,sv_s2_t0_temp5.npz,0.4,,2.0,267.47,C:\Bachelorproef\Github\nerficg\SG_test\npz_files\ship\SV\threshold_0\sites_2\inference\threshold_0_4,C:\Bachelorproef\Github\nerficg\output\FasterGS\ship_2026-05-20-10-15-28,6286.7,2.62,0.997,0.0116,254.18999999999997
ship,SV,sv_s3_t0_temp5.npz,0.4,,3.0,265.4,C:\Bachelorproef\Github\nerficg\SG_test\npz_files\ship\SV\threshold_0\sites_3\inference\threshold_0_4,C:\Bachelorproef\Github\nerficg\output\FasterGS\ship_2026-05-20-10-15-28,5176.4,2.16,0.998,0.0098,254.18999999999997
ship,SV,sv_s5_t0_temp5.npz,0.4,,5.0,260.53,C:\Bachelorproef\Github\nerficg\SG_test\npz_files\ship\SV\threshold_0\sites_5\inference\threshold_0_4,C:\Bachelorproef\Github\nerficg\output\FasterGS\ship_2026-05-20-10-15-28,3898.88,1.63,0.998,0.0073,254.18999999999997
ship,SV,sv_s7_t0_temp5.npz,0.4,,7.0,254.66,C:\Bachelorproef\Github\nerficg\SG_test\npz_files\ship\SV\threshold_0\sites_7\inference\threshold_0_4,C:\Bachelorproef\Github\nerficg\output\FasterGS\ship_2026-05-20-10-15-28,3308.55,1.38,0.999,0.0061,254.18999999999997
ship,SV,sv_s9_t0_temp5.npz,0.4,,9.0,252.19,C:\Bachelorproef\Github\nerficg\SG_test\npz_files\ship\SV\threshold_0\sites_9\inference\threshold_0_4,C:\Bachelorproef\Github\nerficg\output\FasterGS\ship_2026-05-20-10-15-28,3225.54,1.35,0.999,0.0061,254.18999999999997
chair,SG,sg_l1_t0_0.npz,0.1,1,N/A,404.28,C:\Bachelorproef\Github\nerficg\SG_test\npz_files\chair\SG\threshold_0_0\lobes_1\inference\threshold_0_1,C:\Bachelorproef\Github\nerficg\output\FasterGS\chair_2026-05-22-17-26-04,297964.33,68.10,0.932,0.0811,198.4333333333333
chair,SG,sg_l1_t0_0.npz,0.7,1,N/A,643.70,C:\Bachelorproef\Github\nerficg\SG_test\npz_files\chair\SG\threshold_0_0\lobes_1\inference\threshold_0_7,C:\Bachelorproef\Github\nerficg\output\FasterGS\chair_2026-05-22-17-26-04,404372.91,92.42,0.837,0.1618,198.4333333333333
chair,SG,sg_l2_t0_0.npz,0.1,2,N/A,280.32,C:\Bachelorproef\Github\nerficg\SG_test\npz_files\chair\SG\threshold_0_0\lobes_2\inference\threshold_0_1,C:\Bachelorproef\Github\nerficg\output\FasterGS\chair_2026-05-22-17-26-04,183397.70,41.92,0.978,0.0401,198.4333333333333
chair,SG,sg_l2_t0_0.npz,0.7,2,N/A,487.14,C:\Bachelorproef\Github\nerficg\SG_test\npz_files\chair\SG\threshold_0_0\lobes_2\inference\threshold_0_7,C:\Bachelorproef\Github\nerficg\output\FasterGS\chair_2026-05-22-17-26-04,354074.26,80.93,0.902,0.1064,198.4333333333333
chair,SG,sg_l3_t0_0.npz,0.1,3,N/A,204.03,C:\Bachelorproef\Github\nerficg\SG_test\npz_files\chair\SG\threshold_0_0\lobes_3\inference\threshold_0_1,C:\Bachelorproef\Github\nerficg\output\FasterGS\chair_2026-05-22-17-26-04,31963.62,7.31,0.998,0.0067,198.4333333333333
chair,SG,sg_l3_t0_0.npz,0.7,3,N/A,276.72,C:\Bachelorproef\Github\nerficg\SG_test\npz_files\chair\SG\threshold_0_0\lobes_3\inference\threshold_0_7,C:\Bachelorproef\Github\nerficg\output\FasterGS\chair_2026-05-22-17-26-04,202838.02,46.36,0.986,0.0295,198.4333333333333
chair,SG,sg_l5_t0_0.npz,0.1,5,N/A,193.47,C:\Bachelorproef\Github\nerficg\SG_test\npz_files\chair\SG\threshold_0_0\lobes_5\inference\threshold_0_1,C:\Bachelorproef\Github\nerficg\output\FasterGS\chair_2026-05-22-17-26-04,3535.73,0.81,1.000,0.0005,198.4333333333333
chair,SG,sg_l5_t0_0.npz,0.7,5,N/A,220.82,C:\Bachelorproef\Github\nerficg\SG_test\npz_files\chair\SG\threshold_0_0\lobes_5\inference\threshold_0_7,C:\Bachelorproef\Github\nerficg\output\FasterGS\chair_2026-05-22-17-26-04,98595.04,22.53,0.999,0.0050,198.4333333333333
chair,SG,sg_l7_t0_0.npz,0.1,7,N/A,184.73,C:\Bachelorproef\Github\nerficg\SG_test\npz_files\chair\SG\threshold_0_0\lobes_7\inference\threshold_0_1,C:\Bachelorproef\Github\nerficg\output\FasterGS\chair_2026-05-22-17-26-04,1322.38,0.30,1.000,0.0001,198.4333333333333
chair,SG,sg_l7_t0_0.npz,0.7,7,N/A,202.87,C:\Bachelorproef\Github\nerficg\SG_test\npz_files\chair\SG\threshold_0_0\lobes_7\inference\threshold_0_7,C:\Bachelorproef\Github\nerficg\output\FasterGS\chair_2026-05-22-17-26-04,71607.74,16.37,1.000,0.0014,198.4333333333333
chair,SG,sg_l9_t0_0.npz,0.1,9,N/A,182.17,C:\Bachelorproef\Github\nerficg\SG_test\npz_files\chair\SG\threshold_0_0\lobes_9\inference\threshold_0_1,C:\Bachelorproef\Github\nerficg\output\FasterGS\chair_2026-05-22-17-26-04,633.40,0.14,1.000,0.0000,198.4333333333333
chair,SG,sg_l9_t0_0.npz,0.7,9,N/A,195.09,C:\Bachelorproef\Github\nerficg\SG_test\npz_files\chair\SG\threshold_0_0\lobes_9\inference\threshold_0_7,C:\Bachelorproef\Github\nerficg\output\FasterGS\chair_2026-05-22-17-26-04,56948.72,13.02,1.000,0.0005,198.4333333333333
chair,SV,sv_s1_t0_temp5.npz,0.1,N/A,1,202.12,C:\Bachelorproef\Github\nerficg\SG_test\npz_files\chair\SV\threshold_0\sites_1\inference\threshold_0_1,C:\Bachelorproef\Github\nerficg\output\FasterGS\ chair_2026-05-22-17-26-04,180.00,0.04,1.000,0.0000,198.4333333333333
chair,SV,sv_s1_t0_temp5.npz,0.7,N/A,1,244.01,C:\Bachelorproef\Github\nerficg\SG_test\npz_files\chair\SV\threshold_0\sites_1\inference\threshold_0_7,C:\Bachelorproef\Github\nerficg\output\FasterGS\chair_2026-05-22-17-26-04,121623.38,27.80,0.982,0.0340,198.4333333333333
chair,SV,sv_s2_t0_temp5.npz,0.1,N/A,2,200.05,C:\Bachelorproef\Github\nerficg\SG_test\npz_files\chair\SV\threshold_0\sites_2\inference\threshold_0_1,C:\Bachelorproef\Github\nerficg\output\FasterGS\chair_2026-05-22-17-26-04,210.41,0.05,1.000,0.0000,198.4333333333333
chair,SV,sv_s2_t0_temp5.npz,0.7,N/A,2,246.05,C:\Bachelorproef\Github\nerficg\SG_test\npz_files\chair\SV\threshold_0\sites_2\inference\threshold_0_7,C:\Bachelorproef\Github\nerficg\output\FasterGS\chair_2026-05-22-17-26-04,140187.67,32.04,0.984,0.0320,198.4333333333333
chair,SV,sv_s3_t0_temp5.npz,0.1,N/A,3,195.68,C:\Bachelorproef\Github\nerficg\SG_test\npz_files\chair\SV\threshold_0\sites_3\inference\threshold_0_1,C:\Bachelorproef\Github\nerficg\output\FasterGS\chair_2026-05-22-17-26-04,392.68,0.09,1.000,0.0000,198.4333333333333
chair,SV,sv_s3_t0_temp5.npz,0.7,N/A,3,243.27,C:\Bachelorproef\Github\nerficg\SG_test\npz_files\chair\SV\threshold_0\sites_3\inference\threshold_0_7,C:\Bachelorproef\Github\nerficg\output\FasterGS\chair_2026-05-22-17-26-04,140239.99,32.05,0.986,0.0294,198.4333333333333
chair,SV,sv_s5_t0_temp5.npz,0.1,N/A,5,194.14,C:\Bachelorproef\Github\nerficg\SG_test\npz_files\chair\SV\threshold_0\sites_5\inference\threshold_0_1,C:\Bachelorproef\Github\nerficg\output\FasterGS\chair_2026-05-22-17-26-04,804.33,0.18,1.000,0.0000,198.4333333333333
chair,SV,sv_s5_t0_temp5.npz,0.7,N/A,5,224.56,C:\Bachelorproef\Github\nerficg\SG_test\npz_files\chair\SV\threshold_0\sites_5\inference\threshold_0_7,C:\Bachelorproef\Github\nerficg\output\FasterGS\chair_2026-05-22-17-26-04,118435.09,27.07,0.992,0.0204,198.4333333333333
chair,SV,sv_s7_t0_temp5.npz,0.1,N/A,7,184.09,C:\Bachelorproef\Github\nerficg\SG_test\npz_files\chair\SV\threshold_0\sites_7\inference\threshold_0_1,C:\Bachelorproef\Github\nerficg\output\FasterGS\chair_2026-05-22-17-26-04,977.25,0.22,1.000,0.0000,198.4333333333333
chair,SV,sv_s7_t0_temp5.npz,0.7,N/A,7,217.25,C:\Bachelorproef\Github\nerficg\SG_test\npz_files\chair\SV\threshold_0\sites_7\inference\threshold_0_7,C:\Bachelorproef\Github\nerficg\output\FasterGS\chair_2026-05-22-17-26-04,120104.40,27.45,0.993,0.0190,198.4333333333333
chair,SV,sv_s9_t0_temp5.npz,0.1,N/A,9,180.34,C:\Bachelorproef\Github\nerficg\SG_test\npz_files\chair\SV\threshold_0\sites_9\inference\threshold_0_1,C:\Bachelorproef\Github\nerficg\output\FasterGS\chair_2026-05-22-17-26-04,1017.04,0.23,1.000,0.0000,198.4333333333333
chair,SV,sv_s9_t0_temp5.npz,0.7,N/A,9,211.36,C:\Bachelorproef\Github\nerficg\SG_test\npz_files\chair\SV\threshold_0\sites_9\inference\threshold_0_7,C:\Bachelorproef\Github\nerficg\output\FasterGS\chair_2026-05-22-17-26-04,120282.84,27.49,0.994,0.0181,198.4333333333333
drums,SG,sg_l1_t0_0.npz,0.1,1,N/A,392.58,C:\Bachelorproef\Github\nerficg\SG_test\npz_files\drums\SG\threshold_0_0\lobes_1\inference\threshold_0_1,C:\Bachelorproef\Github\nerficg\output\FasterGS\drums_2026-05-20-09-34-12,197219.02,58.31,0.949,0.0608,240.82333333333335
drums,SG,sg_l1_t0_0.npz,0.7,1,N/A,597.82,C:\Bachelorproef\Github\nerficg\SG_test\npz_files\drums\SG\threshold_0_0\lobes_1\inference\threshold_0_7,C:\Bachelorproef\Github\nerficg\output\FasterGS\drums_2026-05-20-09-34-12,295686.05,87.43,0.856,0.1232,240.82333333333335
drums,SG,sg_l2_t0_0.npz,0.1,2,N/A,284.24,C:\Bachelorproef\Github\nerficg\SG_test\npz_files\drums\SG\threshold_0_0\lobes_2\inference\threshold_0_1,C:\Bachelorproef\Github\nerficg\output\FasterGS\drums_2026-05-20-09-34-12,91930.63,27.18,0.989,0.0259,240.82333333333335
drums,SG,sg_l2_t0_0.npz,0.7,2,N/A,455.34,C:\Bachelorproef\Github\nerficg\SG_test\npz_files\drums\SG\threshold_0_0\lobes_2\inference\threshold_0_7,C:\Bachelorproef\Github\nerficg\output\FasterGS\drums_2026-05-20-09-34-12,240775.67,71.19,0.929,0.0742,240.82333333333335
drums,SG,sg_l3_t0_0.npz,0.1,3,N/A,244.55,C:\Bachelorproef\Github\nerficg\SG_test\npz_files\drums\SG\threshold_0_0\lobes_3\inference\threshold_0_1,C:\Bachelorproef\Github\nerficg\output\FasterGS\drums_2026-05-20-09-34-12,41363.86,12.23,0.997,0.0109,240.82333333333335
drums,SG,sg_l3_t0_0.npz,0.7,3,N/A,362.69,C:\Bachelorproef\Github\nerficg\SG_test\npz_files\drums\SG\threshold_0_0\lobes_3\inference\threshold_0_7,C:\Bachelorproef\Github\nerficg\output\FasterGS\drums_2026-05-20-09-34-12,192406.85,56.89,0.964,0.0490,240.82333333333335
drums,SG,sg_l5_t0_0.npz,0.1,5,N/A,227.31,C:\Bachelorproef\Github\nerficg\SG_test\npz_files\drums\SG\threshold_0_0\lobes_5\inference\threshold_0_1,C:\Bachelorproef\Github\nerficg\output\FasterGS\drums_2026-05-20-09-34-12,5750.00,1.70,1.000,0.0004,240.82333333333335
drums,SG,sg_l5_t0_0.npz,0.7,5,N/A,253.58,C:\Bachelorproef\Github\nerficg\SG_test\npz_files\drums\SG\threshold_0_0\lobes_5\inference\threshold_0_7,C:\Bachelorproef\Github\nerficg\output\FasterGS\drums_2026-05-20-09-34-12,82148.68,24.29,0.997,0.0095,240.82333333333335
drums,SG,sg_l7_t0_0.npz,0.1,7,N/A,216.38,C:\Bachelorproef\Github\nerficg\SG_test\npz_files\drums\SG\threshold_0_0\lobes_7\inference\threshold_0_1,C:\Bachelorproef\Github\nerficg\output\FasterGS\drums_2026-05-20-09-34-12,1977.68,0.58,1.000,0.0001,240.82333333333335
drums,SG,sg_l7_t0_0.npz,0.7,7,N/A,231.65,C:\Bachelorproef\Github\nerficg\SG_test\npz_files\drums\SG\threshold_0_0\lobes_7\inference\threshold_0_7,C:\Bachelorproef\Github\nerficg\output\FasterGS\drums_2026-05-20-09-34-12,55391.12,16.38,0.999,0.0026,240.82333333333335
drums,SG,sg_l9_t0_0.npz,0.1,9,N/A,211.69,C:\Bachelorproef\Github\nerficg\SG_test\npz_files\drums\SG\threshold_0_0\lobes_9\inference\threshold_0_1,C:\Bachelorproef\Github\nerficg\output\FasterGS\drums_2026-05-20-09-34-12,774.38,0.23,1.000,0.0000,240.82333333333335
drums,SG,sg_l9_t0_0.npz,0.7,9,N/A,223.33,C:\Bachelorproef\Github\nerficg\SG_test\npz_files\drums\SG\threshold_0_0\lobes_9\inference\threshold_0_7,C:\Bachelorproef\Github\nerficg\output\FasterGS\drums_2026-05-20-09-34-12,42103.97,12.45,1.000,0.0009,240.82333333333335
drums,SV,sv_s1_t0_temp5.npz,0.1,N/A,1,239.25,C:\Bachelorproef\Github\nerficg\SG_test\npz_files\drums\SV\threshold_0\sites_1\inference\threshold_0_1,C:\Bachelorproef\Github\nerficg\output\FasterGS\drums_2026-05-20-09-34-12,748.00,0.22,1.000,0.0001,240.82333333333335
drums,SV,sv_s1_t0_temp5.npz,0.7,N/A,1,320.59,C:\Bachelorproef\Github\nerficg\SG_test\npz_files\drums\SV\threshold_0\sites_1\inference\threshold_0_7,C:\Bachelorproef\Github\nerficg\output\FasterGS\drums_2026-05-20-09-34-12,124488.21,36.81,0.978,0.0383,240.82333333333335
drums,SV,sv_s2_t0_temp5.npz,0.1,N/A,2,238.38,C:\Bachelorproef\Github\nerficg\SG_test\npz_files\drums\SV\threshold_0\sites_2\inference\threshold_0_1,C:\Bachelorproef\Github\nerficg\output\FasterGS\drums_2026-05-20-09-34-12,708.83,0.21,1.000,0.0000,240.82333333333335
drums,SV,sv_s2_t0_temp5.npz,0.7,N/A,2,324.38,C:\Bachelorproef\Github\nerficg\SG_test\npz_files\drums\SV\threshold_0\sites_2\inference\threshold_0_7,C:\Bachelorproef\Github\nerficg\output\FasterGS\drums_2026-05-20-09-34-12,132703.68,39.24,0.979,0.0378,240.82333333333335
drums,SV,sv_s3_t0_temp5.npz,0.1,N/A,3,237.78,C:\Bachelorproef\Github\nerficg\SG_test\npz_files\drums\SV\threshold_0\sites_3\inference\threshold_0_1,C:\Bachelorproef\Github\nerficg\output\FasterGS\drums_2026-05-20-09-34-12,738.88,0.22,1.000,0.0000,240.82333333333335
drums,SV,sv_s3_t0_temp5.npz,0.7,N/A,3,317.22,C:\Bachelorproef\Github\nerficg\SG_test\npz_files\drums\SV\threshold_0\sites_3\inference\threshold_0_7,C:\Bachelorproef\Github\nerficg\output\FasterGS\drums_2026-05-20-09-34-12,130373.27,38.55,0.981,0.0356,240.82333333333335
drums,SV,sv_s5_t0_temp5.npz,0.1,N/A,5,233.09,C:\Bachelorproef\Github\nerficg\SG_test\npz_files\drums\SV\threshold_0\sites_5\inference\threshold_0_1,C:\Bachelorproef\Github\nerficg\output\FasterGS\drums_2026-05-20-09-34-12,1087.76,0.32,1.000,0.0000,240.82333333333335
drums,SV,sv_s5_t0_temp5.npz,0.7,N/A,5,286.05,C:\Bachelorproef\Github\nerficg\SG_test\npz_files\drums\SV\threshold_0\sites_5\inference\threshold_0_7,C:\Bachelorproef\Github\nerficg\output\FasterGS\drums_2026-05-20-09-34-12,103203.45,30.52,0.990,0.0253,240.82333333333335
drums,SV,sv_s7_t0_temp5.npz,0.1,N/A,7,228.68,C:\Bachelorproef\Github\nerficg\SG_test\npz_files\drums\SV\threshold_0\sites_7\inference\threshold_0_1,C:\Bachelorproef\Github\nerficg\output\FasterGS\drums_2026-05-20-09-34-12,1117.05,0.33,1.000,0.0000,240.82333333333335
drums,SV,sv_s7_t0_temp5.npz,0.7,N/A,7,277.00,C:\Bachelorproef\Github\nerficg\SG_test\npz_files\drums\SV\threshold_0\sites_7\inference\threshold_0_7,C:\Bachelorproef\Github\nerficg\output\FasterGS\drums_2026-05-20-09-34-12,102405.40,30.28,0.991,0.0241,240.82333333333335
drums,SV,sv_s9_t0_temp5.npz,0.1,N/A,9,225.88,C:\Bachelorproef\Github\nerficg\SG_test\npz_files\drums\SV\threshold_0\sites_9\inference\threshold_0_1,C:\Bachelorproef\Github\nerficg\output\FasterGS\drums_2026-05-20-09-34-12,1110.44,0.33,1.000,0.0000,240.82333333333335
drums,SV,sv_s9_t0_temp5.npz,0.7,N/A,9,272.46,C:\Bachelorproef\Github\nerficg\SG_test\npz_files\drums\SV\threshold_0\sites_9\inference\threshold_0_7,C:\Bachelorproef\Github\nerficg\output\FasterGS\drums_2026-05-20-09-34-12,102015.45,30.16,0.991,0.0232,240.82333333333335
ficus,SG,sg_l1_t0_0.npz,0.1,1,N/A,795.28,C:\Bachelorproef\Github\nerficg\SG_test\npz_files\ficus\SG\threshold_0_0\lobes_1\inference\threshold_0_1,C:\Bachelorproef\Github\nerficg\output\FasterGS\ficus_2026-05-22-17-41-42,116923.32,68.42,0.938,0.0762,423.37999999999994
ficus,SG,sg_l1_t0_0.npz,0.7,1,N/A,1036.68,C:\Bachelorproef\Github\nerficg\SG_test\npz_files\ficus\SG\threshold_0_0\lobes_1\inference\threshold_0_7,C:\Bachelorproef\Github\nerficg\output\FasterGS\ficus_2026-05-22-17-41-42,158943.58,93.01,0.866,0.1157,423.37999999999994
ficus,SG,sg_l2_t0_0.npz,0.1,2,N/A,568.31,C:\Bachelorproef\Github\nerficg\SG_test\npz_files\ficus\SG\threshold_0_0\lobes_2\inference\threshold_0_1,C:\Bachelorproef\Github\nerficg\output\FasterGS\ficus_2026-05-22-17-41-42,64142.54,37.54,0.980,0.0421,423.37999999999994
ficus,SG,sg_l2_t0_0.npz,0.7,2,N/A,900.30,C:\Bachelorproef\Github\nerficg\SG_test\npz_files\ficus\SG\threshold_0_0\lobes_2\inference\threshold_0_7,C:\Bachelorproef\Github\nerficg\output\FasterGS\ficus_2026-05-22-17-41-42,137481.63,80.45,0.909,0.0939,423.37999999999994
ficus,SG,sg_l3_t0_0.npz,0.1,3,N/A,482.14,C:\Bachelorproef\Github\nerficg\SG_test\npz_files\ficus\SG\threshold_0_0\lobes_3\inference\threshold_0_1,C:\Bachelorproef\Github\nerficg\output\FasterGS\ficus_2026-05-22-17-41-42,33132.93,19.39,0.993,0.0246,423.37999999999994
ficus,SG,sg_l3_t0_0.npz,0.7,3,N/A,796.00,C:\Bachelorproef\Github\nerficg\SG_test\npz_files\ficus\SG\threshold_0_0\lobes_3\inference\threshold_0_7,C:\Bachelorproef\Github\nerficg\output\FasterGS\ficus_2026-05-22-17-41-42,116698.75,68.29,0.937,0.0764,423.37999999999994
ficus,SG,sg_l5_t0_0.npz,0.1,5,N/A,411.44,C:\Bachelorproef\Github\nerficg\SG_test\npz_files\ficus\SG\threshold_0_0\lobes_5\inference\threshold_0_1,C:\Bachelorproef\Github\nerficg\output\FasterGS\ficus_2026-05-22-17-41-42,286.26,0.17,1.000,0.0005,423.37999999999994
ficus,SG,sg_l5_t0_0.npz,0.7,5,N/A,476.47,C:\Bachelorproef\Github\nerficg\SG_test\npz_files\ficus\SG\threshold_0_0\lobes_5\inference\threshold_0_7,C:\Bachelorproef\Github\nerficg\output\FasterGS\ficus_2026-05-22-17-41-42,35464.96,20.75,0.991,0.0267,423.37999999999994
ficus,SG,sg_l7_t0_0.npz,0.1,7,N/A,396.05,C:\Bachelorproef\Github\nerficg\SG_test\npz_files\ficus\SG\threshold_0_0\lobes_7\inference\threshold_0_1,C:\Bachelorproef\Github\nerficg\output\FasterGS\ficus_2026-05-22-17-41-42,29.61,0.02,1.000,0.0000,423.37999999999994
ficus,SG,sg_l7_t0_0.npz,0.7,7,N/A,412.18,C:\Bachelorproef\Github\nerficg\SG_test\npz_files\ficus\SG\threshold_0_0\lobes_7\inference\threshold_0_7,C:\Bachelorproef\Github\nerficg\output\FasterGS\ficus_2026-05-22-17-41-42,9278.77,5.43,0.998,0.0092,423.37999999999994
ficus,SG,sg_l9_t0_0.npz,0.1,9,N/A,393.50,C:\Bachelorproef\Github\nerficg\SG_test\npz_files\ficus\SG\threshold_0_0\lobes_9\inference\threshold_0_1,C:\Bachelorproef\Github\nerficg\output\FasterGS\ficus_2026-05-22-17-41-42,6.92,0.00,1.000,0.0000,423.37999999999994
ficus,SG,sg_l9_t0_0.npz,0.7,9,N/A,397.15,C:\Bachelorproef\Github\nerficg\SG_test\npz_files\ficus\SG\threshold_0_0\lobes_9\inference\threshold_0_7,C:\Bachelorproef\Github\nerficg\output\FasterGS\ficus_2026-05-22-17-41-42,2057.58,1.20,1.000,0.0024,423.37999999999994
ficus,SV,sv_s1_t0_temp5.npz,0.1,N/A,1,428.93,C:\Bachelorproef\Github\nerficg\SG_test\npz_files\ficus\SV\threshold_0\sites_1\inference\threshold_0_1,C:\Bachelorproef\Github\nerficg\output\FasterGS\ficus_2026-05-22-17-41-42,124.00,0.07,1.000,0.0002,423.37999999999994
ficus,SV,sv_s1_t0_temp5.npz,0.7,N/A,1,650.98,C:\Bachelorproef\Github\nerficg\SG_test\npz_files\ficus\SV\threshold_0\sites_1\inference\threshold_0_7,C:\Bachelorproef\Github\nerficg\output\FasterGS\ficus_2026-05-22-17-41-42,79506.00,46.53,0.974,0.0481,423.37999999999994
ficus,SV,sv_s2_t0_temp5.npz,0.1,N/A,2,429.84,C:\Bachelorproef\Github\nerficg\SG_test\npz_files\ficus\SV\threshold_0\sites_2\inference\threshold_0_1,C:\Bachelorproef\Github\nerficg\output\FasterGS\ficus_2026-05-22-17-41-42,75.53,0.04,1.000,0.0001,423.37999999999994
ficus,SV,sv_s2_t0_temp5.npz,0.7,N/A,2,659.35,C:\Bachelorproef\Github\nerficg\SG_test\npz_files\ficus\SV\threshold_0\sites_2\inference\threshold_0_7,C:\Bachelorproef\Github\nerficg\output\FasterGS\ficus_2026-05-22-17-41-42,81577.62,47.74,0.973,0.0494,423.37999999999994
ficus,SV,sv_s3_t0_temp5.npz,0.1,N/A,3,426.93,C:\Bachelorproef\Github\nerficg\SG_test\npz_files\ficus\SV\threshold_0\sites_3\inference\threshold_0_1,C:\Bachelorproef\Github\nerficg\output\FasterGS\ficus_2026-05-22-17-41-42,51.59,0.03,1.000,0.0001,423.37999999999994
ficus,SV,sv_s3_t0_temp5.npz,0.7,N/A,3,630.50,C:\Bachelorproef\Github\nerficg\SG_test\npz_files\ficus\SV\threshold_0\sites_3\inference\threshold_0_7,C:\Bachelorproef\Github\nerficg\output\FasterGS\ficus_2026-05-22-17-41-42,78083.29,45.69,0.975,0.0472,423.37999999999994
ficus,SV,sv_s5_t0_temp5.npz,0.1,N/A,5,416.04,C:\Bachelorproef\Github\nerficg\SG_test\npz_files\ficus\SV\threshold_0\sites_5\inference\threshold_0_1,C:\Bachelorproef\Github\nerficg\output\FasterGS\ficus_2026-05-22-17-41-42,29.48,0.02,1.000,0.0000,423.37999999999994
ficus,SV,sv_s5_t0_temp5.npz,0.7,N/A,5,524.70,C:\Bachelorproef\Github\nerficg\SG_test\npz_files\ficus\SV\threshold_0\sites_5\inference\threshold_0_7,C:\Bachelorproef\Github\nerficg\output\FasterGS\ficus_2026-05-22-17-41-42,50037.61,29.28,0.988,0.0314,423.37999999999994
ficus,SV,sv_s7_t0_temp5.npz,0.1,N/A,7,407.00,C:\Bachelorproef\Github\nerficg\SG_test\npz_files\ficus\SV\threshold_0\sites_7\inference\threshold_0_1,C:\Bachelorproef\Github\nerficg\output\FasterGS\ficus_2026-05-22-17-41-42,30.27,0.02,1.000,0.0000,423.37999999999994
ficus,SV,sv_s7_t0_temp5.npz,0.7,N/A,7,505.21,C:\Bachelorproef\Github\nerficg\SG_test\npz_files\ficus\SV\threshold_0\sites_7\inference\threshold_0_7,C:\Bachelorproef\Github\nerficg\output\FasterGS\ficus_2026-05-22-17-41-42,47418.49,27.75,0.990,0.0297,423.37999999999994
ficus,SV,sv_s9_t0_temp5.npz,0.1,N/A,9,404.82,C:\Bachelorproef\Github\nerficg\SG_test\npz_files\ficus\SV\threshold_0\sites_9\inference\threshold_0_1,C:\Bachelorproef\Github\nerficg\output\FasterGS\ficus_2026-05-22-17-41-42,23.38,0.01,1.000,0.0000,423.37999999999994
ficus,SV,sv_s9_t0_temp5.npz,0.7,N/A,9,496.12,C:\Bachelorproef\Github\nerficg\SG_test\npz_files\ficus\SV\threshold_0\sites_9\inference\threshold_0_7,C:\Bachelorproef\Github\nerficg\output\FasterGS\ficus_2026-05-22-17-41-42,46186.71,27.03,0.990,0.0292,423.37999999999994
hotdog,SG,sg_l1_t0_0.npz,0.1,1,N/A,606.50,C:\Bachelorproef\Github\nerficg\SG_test\npz_files\hotdog\SG\threshold_0_0\lobes_1\inference\threshold_0_1,C:\Bachelorproef\Github\nerficg\output\FasterGS\hotdog_2026-05-22-18-01-01,130133.28,76.07,0.901,0.1259,272.4633333333333
hotdog,SG,sg_l1_t0_0.npz,0.7,1,N/A,1041.11,C:\Bachelorproef\Github\nerficg\SG_test\npz_files\hotdog\SG\threshold_0_0\lobes_1\inference\threshold_0_7,C:\Bachelorproef\Github\nerficg\output\FasterGS\hotdog_2026-05-22-18-01-01,166125.08,97.11,0.757,0.2332,272.4633333333333
hotdog,SG,sg_l2_t0_0.npz,0.1,2,N/A,448.57,C:\Bachelorproef\Github\nerficg\SG_test\npz_files\hotdog\SG\threshold_0_0\lobes_2\inference\threshold_0_1,C:\Bachelorproef\Github\nerficg\output\FasterGS\hotdog_2026-05-22-18-01-01,96744.39,56.55,0.954,0.0759,272.4633333333333
hotdog,SG,sg_l2_t0_0.npz,0.7,2,N/A,911.72,C:\Bachelorproef\Github\nerficg\SG_test\npz_files\hotdog\SG\threshold_0_0\lobes_2\inference\threshold_0_7,C:\Bachelorproef\Github\nerficg\output\FasterGS\hotdog_2026-05-22-18-01-01,159056.19,92.98,0.801,0.2053,272.4633333333333
hotdog,SG,sg_l3_t0_0.npz,0.1,3,N/A,333.01,C:\Bachelorproef\Github\nerficg\SG_test\npz_files\hotdog\SG\threshold_0_0\lobes_3\inference\threshold_0_1,C:\Bachelorproef\Github\nerficg\output\FasterGS\hotdog_2026-05-22-18-01-01,49443.82,28.90,0.989,0.0337,272.4633333333333
hotdog,SG,sg_l3_t0_0.npz,0.7,3,N/A,603.96,C:\Bachelorproef\Github\nerficg\SG_test\npz_files\hotdog\SG\threshold_0_0\lobes_3\inference\threshold_0_7,C:\Bachelorproef\Github\nerficg\output\FasterGS\hotdog_2026-05-22-18-01-01,133122.37,77.82,0.905,0.1227,272.4633333333333
hotdog,SG,sg_l5_t0_0.npz,0.1,5,N/A,291.01,C:\Bachelorproef\Github\nerficg\SG_test\npz_files\hotdog\SG\threshold_0_0\lobes_5\inference\threshold_0_1,C:\Bachelorproef\Github\nerficg\output\FasterGS\hotdog_2026-05-22-18-01-01,18081.92,10.57,0.997,0.0146,272.4633333333333
hotdog,SG,sg_l5_t0_0.npz,0.7,5,N/A,435.06,C:\Bachelorproef\Github\nerficg\SG_test\npz_files\hotdog\SG\threshold_0_0\lobes_5\inference\threshold_0_7,C:\Bachelorproef\Github\nerficg\output\FasterGS\hotdog_2026-05-22-18-01-01,102760.73,60.07,0.959,0.0704,272.4633333333333
hotdog,SG,sg_l7_t0_0.npz,0.1,7,N/A,269.56,C:\Bachelorproef\Github\nerficg\SG_test\npz_files\hotdog\SG\threshold_0_0\lobes_7\inference\threshold_0_1,C:\Bachelorproef\Github\nerficg\output\FasterGS\hotdog_2026-05-22-18-01-01,538.03,0.31,1.000,0.0002,272.4633333333333
hotdog,SG,sg_l7_t0_0.npz,0.7,7,N/A,285.77,C:\Bachelorproef\Github\nerficg\SG_test\npz_files\hotdog\SG\threshold_0_0\lobes_7\inference\threshold_0_7,C:\Bachelorproef\Github\nerficg\output\FasterGS\hotdog_2026-05-22-18-01-01,31008.17,18.13,0.998,0.0086,272.4633333333333
hotdog,SG,sg_l9_t0_0.npz,0.1,9,N/A,267.69,C:\Bachelorproef\Github\nerficg\SG_test\npz_files\hotdog\SG\threshold_0_0\lobes_9\inference\threshold_0_1,C:\Bachelorproef\Github\nerficg\output\FasterGS\hotdog_2026-05-22-18-01-01,139.39,0.08,1.000,0.0000,272.4633333333333
hotdog,SG,sg_l9_t0_0.npz,0.7,9,N/A,275.00,C:\Bachelorproef\Github\nerficg\SG_test\npz_files\hotdog\SG\threshold_0_0\lobes_9\inference\threshold_0_7,C:\Bachelorproef\Github\nerficg\output\FasterGS\hotdog_2026-05-22-18-01-01,18690.78,10.93,1.000,0.0024,272.4633333333333
hotdog,SV,sv_s1_t0_temp5.npz,0.1,N/A,1,277.52,C:\Bachelorproef\Github\nerficg\SG_test\npz_files\hotdog\SV\threshold_0\sites_1\inference\threshold_0_1,C:\Bachelorproef\Github\nerficg\output\FasterGS\hotdog_2026-05-22-18-01-01,190.00,0.11,1.000,0.0003,272.4633333333333
hotdog,SV,sv_s1_t0_temp5.npz,0.7,N/A,1,406.27,C:\Bachelorproef\Github\nerficg\SG_test\npz_files\hotdog\SV\threshold_0\sites_1\inference\threshold_0_7,C:\Bachelorproef\Github\nerficg\output\FasterGS\hotdog_2026-05-22-18-01-01,86033.88,50.29,0.966,0.0639,272.4633333333333
hotdog,SV,sv_s2_t0_temp5.npz,0.1,N/A,2,280.12,C:\Bachelorproef\Github\nerficg\SG_test\npz_files\hotdog\SV\threshold_0\sites_2\inference\threshold_0_1,C:\Bachelorproef\Github\nerficg\output\FasterGS\hotdog_2026-05-22-18-01-01,244.26,0.14,1.000,0.0005,272.4633333333333
hotdog,SV,sv_s2_t0_temp5.npz,0.7,N/A,2,479.29,C:\Bachelorproef\Github\nerficg\SG_test\npz_files\hotdog\SV\threshold_0\sites_2\inference\threshold_0_7,C:\Bachelorproef\Github\nerficg\output\FasterGS\hotdog_2026-05-22-18-01-01,109118.73,63.79,0.942,0.0885,272.4633333333333
hotdog,SV,sv_s3_t0_temp5.npz,0.1,N/A,3,283.79,C:\Bachelorproef\Github\nerficg\SG_test\npz_files\hotdog\SV\threshold_0\sites_3\inference\threshold_0_1,C:\Bachelorproef\Github\nerficg\output\FasterGS\hotdog_2026-05-22-18-01-01,134.18,0.08,1.000,0.0001,272.4633333333333
hotdog,SV,sv_s3_t0_temp5.npz,0.7,N/A,3,415.94,C:\Bachelorproef\Github\nerficg\SG_test\npz_files\hotdog\SV\threshold_0\sites_3\inference\threshold_0_7,C:\Bachelorproef\Github\nerficg\output\FasterGS\hotdog_2026-05-22-18-01-01,89633.27,52.40,0.967,0.0622,272.4633333333333
hotdog,SV,sv_s5_t0_temp5.npz,0.1,N/A,5,275.76,C:\Bachelorproef\Github\nerficg\SG_test\npz_files\hotdog\SV\threshold_0\sites_5\inference\threshold_0_1,C:\Bachelorproef\Github\nerficg\output\FasterGS\hotdog_2026-05-22-18-01-01,154.90,0.09,1.000,0.0000,272.4633333333333
hotdog,SV,sv_s5_t0_temp5.npz,0.7,N/A,5,349.31,C:\Bachelorproef\Github\nerficg\SG_test\npz_files\hotdog\SV\threshold_0\sites_5\inference\threshold_0_7,C:\Bachelorproef\Github\nerficg\output\FasterGS\hotdog_2026-05-22-18-01-01,67780.54,39.62,0.984,0.0404,272.4633333333333
hotdog,SV,sv_s7_t0_temp5.npz,0.1,N/A,7,272.19,C:\Bachelorproef\Github\nerficg\SG_test\npz_files\hotdog\SV\threshold_0\sites_7\inference\threshold_0_1,C:\Bachelorproef\Github\nerficg\output\FasterGS\hotdog_2026-05-22-18-01-01,155.69,0.09,1.000,0.0000,272.4633333333333
hotdog,SV,sv_s7_t0_temp5.npz,0.7,N/A,7,341.44,C:\Bachelorproef\Github\nerficg\SG_test\npz_files\hotdog\SV\threshold_0\sites_7\inference\threshold_0_7,C:\Bachelorproef\Github\nerficg\output\FasterGS\hotdog_2026-05-22-18-01-01,67690.88,39.57,0.985,0.0387,272.4633333333333
hotdog,SV,sv_s9_t0_temp5.npz,0.1,N/A,9,272.92,C:\Bachelorproef\Github\nerficg\SG_test\npz_files\hotdog\SV\threshold_0\sites_9\inference\threshold_0_1,C:\Bachelorproef\Github\nerficg\output\FasterGS\hotdog_2026-05-22-18-01-01,154.71,0.09,1.000,0.0000,272.4633333333333
hotdog,SV,sv_s9_t0_temp5.npz,0.7,N/A,9,333.59,C:\Bachelorproef\Github\nerficg\SG_test\npz_files\hotdog\SV\threshold_0\sites_9\inference\threshold_0_7,C:\Bachelorproef\Github\nerficg\output\FasterGS\hotdog_2026-05-22-18-01-01,66818.22,39.06,0.985,0.0377,272.4633333333333
lego,SG,sg_l1_t0_0.npz,0.1,1,N/A,509.94,C:\Bachelorproef\Github\nerficg\SG_test\npz_files\lego\SG\threshold_0_0\lobes_1\inference\threshold_0_1,C:\Bachelorproef\Github\nerficg\output\FasterGS\fastergs_lego_2026-05-20-09-48-19,241932.71,76.40,0.852,0.1440,226.41333333333333
lego,SG,sg_l1_t0_0.npz,0.7,1,N/A,836.05,C:\Bachelorproef\Github\nerficg\SG_test\npz_files\lego\SG\threshold_0_0\lobes_1\inference\threshold_0_7,C:\Bachelorproef\Github\nerficg\output\FasterGS\fastergs_lego_2026-05-20-09-48-19,307556.09,97.12,0.722,0.2397,226.41333333333333
lego,SG,sg_l2_t0_0.npz,0.1,2,N/A,310.99,C:\Bachelorproef\Github\nerficg\SG_test\npz_files\lego\SG\threshold_0_0\lobes_2\inference\threshold_0_1,C:\Bachelorproef\Github\nerficg\output\FasterGS\fastergs_lego_2026-05-20-09-48-19,122759.94,38.77,0.970,0.0509,226.41333333333333
lego,SG,sg_l2_t0_0.npz,0.7,2,N/A,536.88,C:\Bachelorproef\Github\nerficg\SG_test\npz_files\lego\SG\threshold_0_0\lobes_2\inference\threshold_0_7,C:\Bachelorproef\Github\nerficg\output\FasterGS\fastergs_lego_2026-05-20-09-48-19,253297.21,79.99,0.862,0.1376,226.41333333333333
lego,SG,sg_l3_t0_0.npz,0.1,3,N/A,270.00,C:\Bachelorproef\Github\nerficg\SG_test\npz_files\lego\SG\threshold_0_0\lobes_3\inference\threshold_0_1,C:\Bachelorproef\Github\nerficg\output\FasterGS\fastergs_lego_2026-05-20-09-48-19,86253.06,27.24,0.984,0.0351,226.41333333333333
lego,SG,sg_l3_t0_0.npz,0.7,3,N/A,475.21,C:\Bachelorproef\Github\nerficg\SG_test\npz_files\lego\SG\threshold_0_0\lobes_3\inference\threshold_0_7,C:\Bachelorproef\Github\nerficg\output\FasterGS\fastergs_lego_2026-05-20-09-48-19,235523.58,74.37,0.889,0.1173,226.41333333333333
lego,SG,sg_l5_t0_0.npz,0.1,5,N/A,224.72,C:\Bachelorproef\Github\nerficg\SG_test\npz_files\lego\SG\threshold_0_0\lobes_5\inference\threshold_0_1,C:\Bachelorproef\Github\nerficg\output\FasterGS\fastergs_lego_2026-05-20-09-48-19,1925.67,0.61,1.000,0.0005,226.41333333333333
lego,SG,sg_l5_t0_0.npz,0.7,5,N/A,250.90,C:\Bachelorproef\Github\nerficg\SG_test\npz_files\lego\SG\threshold_0_0\lobes_5\inference\threshold_0_7,C:\Bachelorproef\Github\nerficg\output\FasterGS\fastergs_lego_2026-05-20-09-48-19,75931.57,23.98,0.997,0.0112,226.41333333333333
lego,SG,sg_l7_t0_0.npz,0.1,7,N/A,215.88,C:\Bachelorproef\Github\nerficg\SG_test\npz_files\lego\SG\threshold_0_0\lobes_7\inference\threshold_0_1,C:\Bachelorproef\Github\nerficg\output\FasterGS\fastergs_lego_2026-05-20-09-48-19,438.68,0.14,1.000,0.0001,226.41333333333333
lego,SG,sg_l7_t0_0.npz,0.7,7,N/A,229.38,C:\Bachelorproef\Github\nerficg\SG_test\npz_files\lego\SG\threshold_0_0\lobes_7\inference\threshold_0_7,C:\Bachelorproef\Github\nerficg\output\FasterGS\fastergs_lego_2026-05-20-09-48-19,47008.76,14.84,0.999,0.0028,226.41333333333333
lego,SG,sg_l9_t0_0.npz,0.1,9,N/A,212.86,C:\Bachelorproef\Github\nerficg\SG_test\npz_files\lego\SG\threshold_0_0\lobes_9\inference\threshold_0_1,C:\Bachelorproef\Github\nerficg\output\FasterGS\fastergs_lego_2026-05-20-09-48-19,153.41,0.05,1.000,0.0000,226.41333333333333
lego,SG,sg_l9_t0_0.npz,0.7,9,N/A,220.69,C:\Bachelorproef\Github\nerficg\SG_test\npz_files\lego\SG\threshold_0_0\lobes_9\inference\threshold_0_7,C:\Bachelorproef\Github\nerficg\output\FasterGS\fastergs_lego_2026-05-20-09-48-19,32877.06,10.38,1.000,0.0009,226.41333333333333
lego,SV,sv_s1_t0_temp5.npz,0.1,N/A,1,225.72,C:\Bachelorproef\Github\nerficg\SG_test\npz_files\lego\SV\threshold_0\sites_1\inference\threshold_0_1,C:\Bachelorproef\Github\nerficg\output\FasterGS\fastergs_lego_2026-05-20-09-48-19,108.00,0.03,1.000,0.0002,226.41333333333333
lego,SV,sv_s1_t0_temp5.npz,0.7,N/A,1,319.41,C:\Bachelorproef\Github\nerficg\SG_test\npz_files\lego\SV\threshold_0\sites_1\inference\threshold_0_7,C:\Bachelorproef\Github\nerficg\output\FasterGS\fastergs_lego_2026-05-20-09-48-19,138347.00,43.69,0.952,0.0667,226.41333333333333
lego,SV,sv_s2_t0_temp5.npz,0.1,N/A,2,226.66,C:\Bachelorproef\Github\nerficg\SG_test\npz_files\lego\SV\threshold_0\sites_2\inference\threshold_0_1,C:\Bachelorproef\Github\nerficg\output\FasterGS\fastergs_lego_2026-05-20-09-48-19,71.43,0.02,1.000,0.0001,226.41333333333333
lego,SV,sv_s2_t0_temp5.npz,0.7,N/A,2,324.69,C:\Bachelorproef\Github\nerficg\SG_test\npz_files\lego\SV\threshold_0\sites_2\inference\threshold_0_7,C:\Bachelorproef\Github\nerficg\output\FasterGS\fastergs_lego_2026-05-20-09-48-19,147658.33,46.63,0.953,0.0666,226.41333333333333
lego,SV,sv_s3_t0_temp5.npz,0.1,N/A,3,227.49,C:\Bachelorproef\Github\nerficg\SG_test\npz_files\lego\SV\threshold_0\sites_3\inference\threshold_0_1,C:\Bachelorproef\Github\nerficg\output\FasterGS\fastergs_lego_2026-05-20-09-48-19,69.93,0.02,1.000,0.0001,226.41333333333333
lego,SV,sv_s3_t0_temp5.npz,0.7,N/A,3,325.72,C:\Bachelorproef\Github\nerficg\SG_test\npz_files\lego\SV\threshold_0\sites_3\inference\threshold_0_7,C:\Bachelorproef\Github\nerficg\output\FasterGS\fastergs_lego_2026-05-20-09-48-19,145986.25,46.10,0.957,0.0629,226.41333333333333
lego,SV,sv_s5_t0_temp5.npz,0.1,N/A,5,219.62,C:\Bachelorproef\Github\nerficg\SG_test\npz_files\lego\SV\threshold_0\sites_5\inference\threshold_0_1,C:\Bachelorproef\Github\nerficg\output\FasterGS\fastergs_lego_2026-05-20-09-48-19,61.40,0.02,1.000,0.0000,226.41333333333333
lego,SV,sv_s5_t0_temp5.npz,0.7,N/A,5,264.78,C:\Bachelorproef\Github\nerficg\SG_test\npz_files\lego\SV\threshold_0\sites_5\inference\threshold_0_7,C:\Bachelorproef\Github\nerficg\output\FasterGS\fastergs_lego_2026-05-20-09-48-19,93959.29,29.67,0.986,0.0323,226.41333333333333
lego,SV,sv_s7_t0_temp5.npz,0.1,N/A,7,215.38,C:\Bachelorproef\Github\nerficg\SG_test\npz_files\lego\SV\threshold_0\sites_7\inference\threshold_0_1,C:\Bachelorproef\Github\nerficg\output\FasterGS\fastergs_lego_2026-05-20-09-48-19,75.54,0.02,1.000,0.0000,226.41333333333333
lego,SV,sv_s7_t0_temp5.npz,0.7,N/A,7,247.44,C:\Bachelorproef\Github\nerficg\SG_test\npz_files\lego\SV\threshold_0\sites_7\inference\threshold_0_7,C:\Bachelorproef\Github\nerficg\output\FasterGS\fastergs_lego_2026-05-20-09-48-19,94468.93,29.83,0.988,0.0307,226.41333333333333
lego,SV,sv_s9_t0_temp5.npz,0.1,N/A,9,219.00,C:\Bachelorproef\Github\nerficg\SG_test\npz_files\lego\SV\threshold_0\sites_9\inference\threshold_0_1,C:\Bachelorproef\Github\nerficg\output\FasterGS\fastergs_lego_2026-05-20-09-48-19,74.69,0.02,1.000,0.0000,226.41333333333333
lego,SV,sv_s9_t0_temp5.npz,0.7,N/A,9,260.79,C:\Bachelorproef\Github\nerficg\SG_test\npz_files\lego\SV\threshold_0\sites_9\inference\threshold_0_7,C:\Bachelorproef\Github\nerficg\output\FasterGS\fastergs_lego_2026-05-20-09-48-19,94473.26,29.83,0.989,0.0293,226.41333333333333
materials,SG,sg_l1_t0_0.npz,0.1,1,N/A,727.70,C:\Bachelorproef\Github\nerficg\SG_test\npz_files\materials\SG\threshold_0_0\lobes_1\inference\threshold_0_1,C:\Bachelorproef\Github\nerficg\output\FasterGS\materials_2026-05-22-17-51-21,107413.46,74.38,0.896,0.0930,366.5566666666667
materials,SG,sg_l1_t0_0.npz,0.7,1,N/A,1164.76,C:\Bachelorproef\Github\nerficg\SG_test\npz_files\materials\SG\threshold_0_0\lobes_1\inference\threshold_0_7,C:\Bachelorproef\Github\nerficg\output\FasterGS\materials_2026-05-22-17-51-21,138906.15,96.19,0.774,0.1651,366.5566666666667
materials,SG,sg_l2_t0_0.npz,0.1,2,N/A,583.46,C:\Bachelorproef\Github\nerficg\SG_test\npz_files\materials\SG\threshold_0_0\lobes_2\inference\threshold_0_1,C:\Bachelorproef\Github\nerficg\output\FasterGS\materials_2026-05-22-17-51-21,82694.05,57.26,0.940,0.0668,366.5566666666667
materials,SG,sg_l2_t0_0.npz,0.7,2,N/A,1043.26,C:\Bachelorproef\Github\nerficg\SG_test\npz_files\materials\SG\threshold_0_0\lobes_2\inference\threshold_0_7,C:\Bachelorproef\Github\nerficg\output\FasterGS\materials_2026-05-22-17-51-21,134841.99,93.38,0.799,0.1498,366.5566666666667
materials,SG,sg_l3_t0_0.npz,0.1,3,N/A,438.35,C:\Bachelorproef\Github\nerficg\SG_test\npz_files\materials\SG\threshold_0_0\lobes_3\inference\threshold_0_1,C:\Bachelorproef\Github\nerficg\output\FasterGS\materials_2026-05-22-17-51-21,40780.85,28.24,0.984,0.0313,366.5566666666667
materials,SG,sg_l3_t0_0.npz,0.7,3,N/A,748.49,C:\Bachelorproef\Github\nerficg\SG_test\npz_files\materials\SG\threshold_0_0\lobes_3\inference\threshold_0_7,C:\Bachelorproef\Github\nerficg\output\FasterGS\materials_2026-05-22-17-51-21,110289.32,76.37,0.900,0.0908,366.5566666666667
materials,SG,sg_l5_t0_0.npz,0.1,5,N/A,372.36,C:\Bachelorproef\Github\nerficg\SG_test\npz_files\materials\SG\threshold_0_0\lobes_5\inference\threshold_0_1,C:\Bachelorproef\Github\nerficg\output\FasterGS\materials_2026-05-22-17-51-21,5086.99,3.52,1.000,0.0027,366.5566666666667
materials,SG,sg_l5_t0_0.npz,0.7,5,N/A,456.24,C:\Bachelorproef\Github\nerficg\SG_test\npz_files\materials\SG\threshold_0_0\lobes_5\inference\threshold_0_7,C:\Bachelorproef\Github\nerficg\output\FasterGS\materials_2026-05-22-17-51-21,58740.50,40.68,0.982,0.0333,366.5566666666667
materials,SG,sg_l7_t0_0.npz,0.1,7,N/A,362.62,C:\Bachelorproef\Github\nerficg\SG_test\npz_files\materials\SG\threshold_0_0\lobes_7\inference\threshold_0_1,C:\Bachelorproef\Github\nerficg\output\FasterGS\materials_2026-05-22-17-51-21,1052.03,0.73,1.000,0.0003,366.5566666666667
materials,SG,sg_l7_t0_0.npz,0.7,7,N/A,404.18,C:\Bachelorproef\Github\nerficg\SG_test\npz_files\materials\SG\threshold_0_0\lobes_7\inference\threshold_0_7,C:\Bachelorproef\Github\nerficg\output\FasterGS\materials_2026-05-22-17-51-21,36502.93,25.28,0.995,0.0159,366.5566666666667
materials,SG,sg_l9_t0_0.npz,0.1,9,N/A,361.69,C:\Bachelorproef\Github\nerficg\SG_test\npz_files\materials\SG\threshold_0_0\lobes_9\inference\threshold_0_1,C:\Bachelorproef\Github\nerficg\output\FasterGS\materials_2026-05-22-17-51-21,210.42,0.15,1.000,0.0000,366.5566666666667
materials,SG,sg_l9_t0_0.npz,0.7,9,N/A,378.06,C:\Bachelorproef\Github\nerficg\SG_test\npz_files\materials\SG\threshold_0_0\lobes_9\inference\threshold_0_7,C:\Bachelorproef\Github\nerficg\output\FasterGS\materials_2026-05-22-17-51-21,22855.07,15.83,0.999,0.0058,366.5566666666667
materials,SV,sv_s1_t0_temp5.npz,0.1,N/A,1,382.25,C:\Bachelorproef\Github\nerficg\SG_test\npz_files\materials\SV\threshold_0\sites_1\inference\threshold_0_1,C:\Bachelorproef\Github\nerficg\output\FasterGS\materials_2026-05-22-17-51-21,80.00,0.06,1.000,0.0001,366.5566666666667
materials,SV,sv_s1_t0_temp5.npz,0.7,N/A,1,522.96,C:\Bachelorproef\Github\nerficg\SG_test\npz_files\materials\SV\threshold_0\sites_1\inference\threshold_0_7,C:\Bachelorproef\Github\nerficg\output\FasterGS\materials_2026-05-22-17-51-21,67638.00,46.84,0.955,0.0563,366.5566666666667
materials,SV,sv_s2_t0_temp5.npz,0.1,N/A,2,382.20,C:\Bachelorproef\Github\nerficg\SG_test\npz_files\materials\SV\threshold_0\sites_2\inference\threshold_0_1,C:\Bachelorproef\Github\nerficg\output\FasterGS\materials_2026-05-22-17-51-21,61.05,0.04,1.000,0.0001,366.5566666666667
materials,SV,sv_s2_t0_temp5.npz,0.7,N/A,2,523.59,C:\Bachelorproef\Github\nerficg\SG_test\npz_files\materials\SV\threshold_0\sites_2\inference\threshold_0_7,C:\Bachelorproef\Github\nerficg\output\FasterGS\materials_2026-05-22-17-51-21,71014.43,49.18,0.956,0.0557,366.5566666666667
materials,SV,sv_s3_t0_temp5.npz,0.1,N/A,3,379.76,C:\Bachelorproef\Github\nerficg\SG_test\npz_files\materials\SV\threshold_0\sites_3\inference\threshold_0_1,C:\Bachelorproef\Github\nerficg\output\FasterGS\materials_2026-05-22-17-51-21,56.67,0.04,1.000,0.0001,366.5566666666667
materials,SV,sv_s3_t0_temp5.npz,0.7,N/A,3,516.96,C:\Bachelorproef\Github\nerficg\SG_test\npz_files\materials\SV\threshold_0\sites_3\inference\threshold_0_7,C:\Bachelorproef\Github\nerficg\output\FasterGS\materials_2026-05-22-17-51-21,70798.52,49.03,0.958,0.0546,366.5566666666667
materials,SV,sv_s5_t0_temp5.npz,0.1,N/A,5,378.11,C:\Bachelorproef\Github\nerficg\SG_test\npz_files\materials\SV\threshold_0\sites_5\inference\threshold_0_1,C:\Bachelorproef\Github\nerficg\output\FasterGS\materials_2026-05-22-17-51-21,39.61,0.03,1.000,0.0000,366.5566666666667
materials,SV,sv_s5_t0_temp5.npz,0.7,N/A,5,495.09,C:\Bachelorproef\Github\nerficg\SG_test\npz_files\materials\SV\threshold_0\sites_5\inference\threshold_0_7,C:\Bachelorproef\Github\nerficg\output\FasterGS\materials_2026-05-22-17-51-21,66134.27,45.80,0.966,0.0483,366.5566666666667
materials,SV,sv_s7_t0_temp5.npz,0.1,N/A,7,316.00,C:\Bachelorproef\Github\nerficg\SG_test\npz_files\materials\SV\threshold_0\sites_7\inference\threshold_0_1,C:\Bachelorproef\Github\nerficg\output\FasterGS\materials_2026-05-22-17-51-21,45.03,0.03,1.000,0.0001,366.5566666666667
materials,SV,sv_s7_t0_temp5.npz,0.7,N/A,7,521.03,C:\Bachelorproef\Github\nerficg\SG_test\npz_files\materials\SV\threshold_0\sites_7\inference\threshold_0_7,C:\Bachelorproef\Github\nerficg\output\FasterGS\materials_2026-05-22-17-51-21,77003.00,53.32,0.954,0.0573,366.5566666666667
materials,SV,sv_s9_t0_temp5.npz,0.1,N/A,9,367.11,C:\Bachelorproef\Github\nerficg\SG_test\npz_files\materials\SV\threshold_0\sites_9\inference\threshold_0_1,C:\Bachelorproef\Github\nerficg\output\FasterGS\materials_2026-05-22-17-51-21,41.42,0.03,1.000,0.0000,366.5566666666667
materials,SV,sv_s9_t0_temp5.npz,0.7,N/A,9,472.75,C:\Bachelorproef\Github\nerficg\SG_test\npz_files\materials\SV\threshold_0\sites_9\inference\threshold_0_7,C:\Bachelorproef\Github\nerficg\output\FasterGS\materials_2026-05-22-17-51-21,66091.41,45.77,0.968,0.0469,366.5566666666667
mic,SG,sg_l1_t0_0.npz,0.1,1,N/A,775.00,C:\Bachelorproef\Github\nerficg\SG_test\npz_files\mic\SG\threshold_0_0\lobes_1\inference\threshold_0_1,C:\Bachelorproef\Github\nerficg\output\FasterGS\mic_2026-05-20-10-03-34,126979.51,71.99,0.959,0.0363,374.54333333333335
mic,SG,sg_l1_t0_0.npz,0.7,1,N/A,1080.54,C:\Bachelorproef\Github\nerficg\SG_test\npz_files\mic\SG\threshold_0_0\lobes_1\inference\threshold_0_7,C:\Bachelorproef\Github\nerficg\output\FasterGS\mic_2026-05-20-10-03-34,167470.20,94.95,0.897,0.0705,374.54333333333335
mic,SG,sg_l2_t0_0.npz,0.1,2,N/A,624.68,C:\Bachelorproef\Github\nerficg\SG_test\npz_files\mic\SG\threshold_0_0\lobes_2\inference\threshold_0_1,C:\Bachelorproef\Github\nerficg\output\FasterGS\mic_2026-05-20-10-03-34,96440.83,54.68,0.979,0.0254,374.54333333333335
mic,SG,sg_l2_t0_0.npz,0.7,2,N/A,1049.54,C:\Bachelorproef\Github\nerficg\SG_test\npz_files\mic\SG\threshold_0_0\lobes_2\inference\threshold_0_7,C:\Bachelorproef\Github\nerficg\output\FasterGS\mic_2026-05-20-10-03-34,161532.82,91.59,0.911,0.0618,374.54333333333335
mic,SG,sg_l3_t0_0.npz,0.1,3,N/A,433.24,C:\Bachelorproef\Github\nerficg\SG_test\npz_files\mic\SG\threshold_0_0\lobes_3\inference\threshold_0_1,C:\Bachelorproef\Github\nerficg\output\FasterGS\mic_2026-05-20-10-03-34,34648.09,19.64,0.997,0.0078,374.54333333333335
mic,SG,sg_l3_t0_0.npz,0.7,3,N/A,706.04,C:\Bachelorproef\Github\nerficg\SG_test\npz_files\mic\SG\threshold_0_0\lobes_3\inference\threshold_0_7,C:\Bachelorproef\Github\nerficg\output\FasterGS\mic_2026-05-20-10-03-34,114447.41,64.89,0.974,0.0276,374.54333333333335
mic,SG,sg_l5_t0_0.npz,0.1,5,N/A,375.44,C:\Bachelorproef\Github\nerficg\SG_test\npz_files\mic\SG\threshold_0_0\lobes_5\inference\threshold_0_1,C:\Bachelorproef\Github\nerficg\output\FasterGS\mic_2026-05-20-10-03-34,4211.48,2.39,1.000,0.0004,374.54333333333335
mic,SG,sg_l5_t0_0.npz,0.7,5,N/A,463.24,C:\Bachelorproef\Github\nerficg\SG_test\npz_files\mic\SG\threshold_0_0\lobes_5\inference\threshold_0_7,C:\Bachelorproef\Github\nerficg\output\FasterGS\mic_2026-05-20-10-03-34,54267.61,30.77,0.997,0.0078,374.54333333333335
mic,SG,sg_l7_t0_0.npz,0.1,7,N/A,359.90,C:\Bachelorproef\Github\nerficg\SG_test\npz_files\mic\SG\threshold_0_0\lobes_7\inference\threshold_0_1,C:\Bachelorproef\Github\nerficg\output\FasterGS\mic_2026-05-20-10-03-34,1045.96,0.59,1.000,0.0001,374.54333333333335
mic,SG,sg_l7_t0_0.npz,0.7,7,N/A,406.12,C:\Bachelorproef\Github\nerficg\SG_test\npz_files\mic\SG\threshold_0_0\lobes_7\inference\threshold_0_7,C:\Bachelorproef\Github\nerficg\output\FasterGS\mic_2026-05-20-10-03-34,32942.75,18.68,0.999,0.0028,374.54333333333335
mic,SG,sg_l9_t0_0.npz,0.1,9,N/A,353.52,C:\Bachelorproef\Github\nerficg\SG_test\npz_files\mic\SG\threshold_0_0\lobes_9\inference\threshold_0_1,C:\Bachelorproef\Github\nerficg\output\FasterGS\mic_2026-05-20-10-03-34,300.60,0.17,1.000,0.0000,374.54333333333335
mic,SG,sg_l9_t0_0.npz,0.7,9,N/A,381.93,C:\Bachelorproef\Github\nerficg\SG_test\npz_files\mic\SG\threshold_0_0\lobes_9\inference\threshold_0_7,C:\Bachelorproef\Github\nerficg\output\FasterGS\mic_2026-05-20-10-03-34,22164.39,12.57,1.000,0.0009,374.54333333333335
mic,SV,sv_s1_t0_temp5.npz,0.1,N/A,1,383.64,C:\Bachelorproef\Github\nerficg\SG_test\npz_files\mic\SV\threshold_0\sites_1\inference\threshold_0_1,C:\Bachelorproef\Github\nerficg\output\FasterGS\mic_2026-05-20-10-03-34,157.00,0.09,1.000,0.0001,374.54333333333335
mic,SV,sv_s1_t0_temp5.npz,0.7,N/A,1,577.38,C:\Bachelorproef\Github\nerficg\SG_test\npz_files\mic\SV\threshold_0\sites_1\inference\threshold_0_7,C:\Bachelorproef\Github\nerficg\output\FasterGS\mic_2026-05-20-10-03-34,84779.70,48.07,0.983,0.0227,374.54333333333335
mic,SV,sv_s2_t0_temp5.npz,0.1,N/A,2,382.75,C:\Bachelorproef\Github\nerficg\SG_test\npz_files\mic\SV\threshold_0\sites_2\inference\threshold_0_1,C:\Bachelorproef\Github\nerficg\output\FasterGS\mic_2026-05-20-10-03-34,121.69,0.07,1.000,0.0001,374.54333333333335
mic,SV,sv_s2_t0_temp5.npz,0.7,N/A,2,586.50,C:\Bachelorproef\Github\nerficg\SG_test\npz_files\mic\SV\threshold_0\sites_2\inference\threshold_0_7,C:\Bachelorproef\Github\nerficg\output\FasterGS\mic_2026-05-20-10-03-34,88917.70,50.41,0.984,0.0224,374.54333333333335
mic,SV,sv_s3_t0_temp5.npz,0.1,N/A,3,379.31,C:\Bachelorproef\Github\nerficg\SG_test\npz_files\mic\SV\threshold_0\sites_3\inference\threshold_0_1,C:\Bachelorproef\Github\nerficg\output\FasterGS\mic_2026-05-20-10-03-34,127.00,0.07,1.000,0.0000,374.54333333333335
mic,SV,sv_s3_t0_temp5.npz,0.7,N/A,3,573.67,C:\Bachelorproef\Github\nerficg\SG_test\npz_files\mic\SV\threshold_0\sites_3\inference\threshold_0_7,C:\Bachelorproef\Github\nerficg\output\FasterGS\mic_2026-05-20-10-03-34,88148.65,49.98,0.985,0.0217,374.54333333333335
mic,SV,sv_s5_t0_temp5.npz,0.1,N/A,5,375.02,C:\Bachelorproef\Github\nerficg\SG_test\npz_files\mic\SV\threshold_0\sites_5\inference\threshold_0_1,C:\Bachelorproef\Github\nerficg\output\FasterGS\mic_2026-05-20-10-03-34,166.05,0.09,1.000,0.0000,374.54333333333335
mic,SV,sv_s5_t0_temp5.npz,0.7,N/A,5,508.47,C:\Bachelorproef\Github\nerficg\SG_test\npz_files\mic\SV\threshold_0\sites_5\inference\threshold_0_7,C:\Bachelorproef\Github\nerficg\output\FasterGS\mic_2026-05-20-10-03-34,69076.64,39.17,0.992,0.0157,374.54333333333335
mic,SV,sv_s7_t0_temp5.npz,0.1,N/A,7,367.93,C:\Bachelorproef\Github\nerficg\SG_test\npz_files\mic\SV\threshold_0\sites_7\inference\threshold_0_1,C:\Bachelorproef\Github\nerficg\output\FasterGS\mic_2026-05-20-10-03-34,164.57,0.09,1.000,0.0000,374.54333333333335
mic,SV,sv_s7_t0_temp5.npz,0.7,N/A,7,492.17,C:\Bachelorproef\Github\nerficg\SG_test\npz_files\mic\SV\threshold_0\sites_7\inference\threshold_0_7,C:\Bachelorproef\Github\nerficg\output\FasterGS\mic_2026-05-20-10-03-34,67804.18,38.44,0.992,0.0150,374.54333333333335
mic,SV,sv_s9_t0_temp5.npz,0.1,N/A,9,364.63,C:\Bachelorproef\Github\nerficg\SG_test\npz_files\mic\SV\threshold_0\sites_9\inference\threshold_0_1,C:\Bachelorproef\Github\nerficg\output\FasterGS\mic_2026-05-20-10-03-34,172.08,0.10,1.000,0.0000,374.54333333333335
mic,SV,sv_s9_t0_temp5.npz,0.7,N/A,9,486.41,C:\Bachelorproef\Github\nerficg\SG_test\npz_files\mic\SV\threshold_0\sites_9\inference\threshold_0_7,C:\Bachelorproef\Github\nerficg\output\FasterGS\mic_2026-05-20-10-03-34,67119.01,38.06,0.993,0.0146,374.54333333333335
ship,SG,sg_l1_t0_0.npz,0.1,1,N/A,533.24,C:\Bachelorproef\Github\nerficg\SG_test\npz_files\ship\SG\threshold_0_0\lobes_1\inference\threshold_0_1,C:\Bachelorproef\Github\nerficg\output\FasterGS\ship_2026-05-20-10-15-28,157393.14,65.67,0.845,0.1421,254.18999999999997
ship,SG,sg_l1_t0_0.npz,0.7,1,N/A,888.53,C:\Bachelorproef\Github\nerficg\SG_test\npz_files\ship\SG\threshold_0_0\lobes_1\inference\threshold_0_7,C:\Bachelorproef\Github\nerficg\output\FasterGS\ship_2026-05-20-10-15-28,221918.12,92.60,0.651,0.2405,254.18999999999997
ship,SG,sg_l2_t0_0.npz,0.1,2,N/A,349.02,C:\Bachelorproef\Github\nerficg\SG_test\npz_files\ship\SG\threshold_0_0\lobes_2\inference\threshold_0_1,C:\Bachelorproef\Github\nerficg\output\FasterGS\ship_2026-05-20-10-15-28,78679.01,32.83,0.952,0.0694,254.18999999999997
ship,SG,sg_l2_t0_0.npz,0.7,2,N/A,660.59,C:\Bachelorproef\Github\nerficg\SG_test\npz_files\ship\SG\threshold_0_0\lobes_2\inference\threshold_0_7,C:\Bachelorproef\Github\nerficg\output\FasterGS\ship_2026-05-20-10-15-28,186648.52,77.88,0.779,0.1781,254.18999999999997
ship,SG,sg_l3_t0_0.npz,0.1,3,N/A,266.48,C:\Bachelorproef\Github\nerficg\SG_test\npz_files\ship\SG\threshold_0_0\lobes_3\inference\threshold_0_1,C:\Bachelorproef\Github\nerficg\output\FasterGS\ship_2026-05-20-10-15-28,9030.38,3.77,0.997,0.0120,254.18999999999997
ship,SG,sg_l3_t0_0.npz,0.7,3,N/A,370.60,C:\Bachelorproef\Github\nerficg\SG_test\npz_files\ship\SG\threshold_0_0\lobes_3\inference\threshold_0_7,C:\Bachelorproef\Github\nerficg\output\FasterGS\ship_2026-05-20-10-15-28,95647.46,39.91,0.933,0.0820,254.18999999999997
ship,SG,sg_l5_t0_0.npz,0.1,5,N/A,256.22,C:\Bachelorproef\Github\nerficg\SG_test\npz_files\ship\SG\threshold_0_0\lobes_5\inference\threshold_0_1,C:\Bachelorproef\Github\nerficg\output\FasterGS\ship_2026-05-20-10-15-28,562.30,0.23,1.000,0.0003,254.18999999999997
ship,SG,sg_l5_t0_0.npz,0.7,5,N/A,279.46,C:\Bachelorproef\Github\nerficg\SG_test\npz_files\ship\SG\threshold_0_0\lobes_5\inference\threshold_0_7,C:\Bachelorproef\Github\nerficg\output\FasterGS\ship_2026-05-20-10-15-28,30925.32,12.90,0.989,0.0275,254.18999999999997
ship,SG,sg_l7_t0_0.npz,0.1,7,N/A,248.20,C:\Bachelorproef\Github\nerficg\SG_test\npz_files\ship\SG\threshold_0_0\lobes_7\inference\threshold_0_1,C:\Bachelorproef\Github\nerficg\output\FasterGS\ship_2026-05-20-10-15-28,97.25,0.04,1.000,0.0000,254.18999999999997
ship,SG,sg_l7_t0_0.npz,0.7,7,N/A,253.56,C:\Bachelorproef\Github\nerficg\SG_test\npz_files\ship\SG\threshold_0_0\lobes_7\inference\threshold_0_7,C:\Bachelorproef\Github\nerficg\output\FasterGS\ship_2026-05-20-10-15-28,10770.34,4.49,0.998,0.0075,254.18999999999997
ship,SG,sg_l9_t0_0.npz,0.1,9,N/A,244.30,C:\Bachelorproef\Github\nerficg\SG_test\npz_files\ship\SG\threshold_0_0\lobes_9\inference\threshold_0_1,C:\Bachelorproef\Github\nerficg\output\FasterGS\ship_2026-05-20-10-15-28,23.52,0.01,1.000,0.0000,254.18999999999997
ship,SG,sg_l9_t0_0.npz,0.7,9,N/A,246.44,C:\Bachelorproef\Github\nerficg\SG_test\npz_files\ship\SG\threshold_0_0\lobes_9\inference\threshold_0_7,C:\Bachelorproef\Github\nerficg\output\FasterGS\ship_2026-05-20-10-15-28,4986.97,2.08,1.000,0.0014,254.18999999999997
ship,SV,sv_s1_t0_temp5.npz,0.1,N/A,1,261.68,C:\Bachelorproef\Github\nerficg\SG_test\npz_files\ship\SV\threshold_0\sites_1\inference\threshold_0_1,C:\Bachelorproef\Github\nerficg\output\FasterGS\ship_2026-05-20-10-15-28,50.00,0.02,1.000,0.0001,254.18999999999997
ship,SV,sv_s1_t0_temp5.npz,0.7,N/A,1,347.12,C:\Bachelorproef\Github\nerficg\SG_test\npz_files\ship\SV\threshold_0\sites_1\inference\threshold_0_7,C:\Bachelorproef\Github\nerficg\output\FasterGS\ship_2026-05-20-10-15-28,80045.04,33.40,0.952,0.0708,254.18999999999997
ship,SV,sv_s2_t0_temp5.npz,0.1,N/A,2,261.17,C:\Bachelorproef\Github\nerficg\SG_test\npz_files\ship\SV\threshold_0\sites_2\inference\threshold_0_1,C:\Bachelorproef\Github\nerficg\output\FasterGS\ship_2026-05-20-10-15-28,31.05,0.01,1.000,0.0000,254.18999999999997
ship,SV,sv_s2_t0_temp5.npz,0.7,N/A,2,343.40,C:\Bachelorproef\Github\nerficg\SG_test\npz_files\ship\SV\threshold_0\sites_2\inference\threshold_0_7,C:\Bachelorproef\Github\nerficg\output\FasterGS\ship_2026-05-20-10-15-28,77867.38,32.49,0.954,0.0690,254.18999999999997
ship,SV,sv_s3_t0_temp5.npz,0.1,N/A,3,259.81,C:\Bachelorproef\Github\nerficg\SG_test\npz_files\ship\SV\threshold_0\sites_3\inference\threshold_0_1,C:\Bachelorproef\Github\nerficg\output\FasterGS\ship_2026-05-20-10-15-28,30.81,0.01,1.000,0.0000,254.18999999999997
ship,SV,sv_s3_t0_temp5.npz,0.7,N/A,3,332.05,C:\Bachelorproef\Github\nerficg\SG_test\npz_files\ship\SV\threshold_0\sites_3\inference\threshold_0_7,C:\Bachelorproef\Github\nerficg\output\FasterGS\ship_2026-05-20-10-15-28,73676.88,30.74,0.959,0.0636,254.18999999999997
ship,SV,sv_s5_t0_temp5.npz,0.1,N/A,5,256.62,C:\Bachelorproef\Github\nerficg\SG_test\npz_files\ship\SV\threshold_0\sites_5\inference\threshold_0_1,C:\Bachelorproef\Github\nerficg\output\FasterGS\ship_2026-05-20-10-15-28,30.80,0.01,1.000,0.0000,254.18999999999997
ship,SV,sv_s5_t0_temp5.npz,0.7,N/A,5,317.74,C:\Bachelorproef\Github\nerficg\SG_test\npz_files\ship\SV\threshold_0\sites_5\inference\threshold_0_7,C:\Bachelorproef\Github\nerficg\output\FasterGS\ship_2026-05-20-10-15-28,65971.62,27.53,0.966,0.0573,254.18999999999997
ship,SV,sv_s7_t0_temp5.npz,0.1,N/A,7,252.22,C:\Bachelorproef\Github\nerficg\SG_test\npz_files\ship\SV\threshold_0\sites_7\inference\threshold_0_1,C:\Bachelorproef\Github\nerficg\output\FasterGS\ship_2026-05-20-10-15-28,30.01,0.01,1.000,0.0000,254.18999999999997
ship,SV,sv_s7_t0_temp5.npz,0.7,N/A,7,306.50,C:\Bachelorproef\Github\nerficg\SG_test\npz_files\ship\SV\threshold_0\sites_7\inference\threshold_0_7,C:\Bachelorproef\Github\nerficg\output\FasterGS\ship_2026-05-20-10-15-28,62223.47,25.96,0.969,0.0549,254.18999999999997
ship,SV,sv_s9_t0_temp5.npz,0.1,N/A,9,249.67,C:\Bachelorproef\Github\nerficg\SG_test\npz_files\ship\SV\threshold_0\sites_9\inference\threshold_0_1,C:\Bachelorproef\Github\nerficg\output\FasterGS\ship_2026-05-20-10-15-28,31.14,0.01,1.000,0.0000,254.18999999999997
ship,SV,sv_s9_t0_temp5.npz,0.7,N/A,9,302.19,C:\Bachelorproef\Github\nerficg\SG_test\npz_files\ship\SV\threshold_0\sites_9\inference\threshold_0_7,C:\Bachelorproef\Github\nerficg\output\FasterGS\ship_2026-05-20-10-15-28,60941.16,25.43,0.970,0.0533,254.18999999999997
