dataset,type,model_file,threshold,lobes,sites,avg_fps,render_output_dir,base_model_dir,mean_culled_gaussians,culled_gaussians_percent,SSIM,FLIP,baseline_avg_fps,fps_delta_vs_baseline,fps_speedup_vs_baseline,fps_percent_change_vs_baseline,config_value,config_label,quality_preserving,utility_score
drums,BASELINE,no_culling,0.0,,,241.58333333333331,C:\Bachelorproef\Github\nerficg\output\FasterGS\drums_2026-05-07-14-32-48\baseline_benchmark,C:\Bachelorproef\Github\nerficg\output\FasterGS\drums_2026-05-07-14-32-48,0.0,0.0,1.0,0.0,241.58333333333331,0.0,1.0,0.0,0.0,no culling,True,1.725
drums,SG,sg_l6_t0_01.npz,0.1,6.0,,278.41,C:\Bachelorproef\Github\nerficg\SG_test\npz_files\drums\SG\threshold_0_01\lobes_6\inference\threshold_0_1,C:\Bachelorproef\Github\nerficg\output\FasterGS\drums_2026-05-07-14-32-48,104229.7,30.94,1.0,0.0014,241.58333333333331,36.82666666666671,1.1524387719903417,15.243877199034173,6.0,lobes=6,True,2.1045454545454545
drums,SG,sg_l10_t0_01.npz,0.1,10.0,,263.9,C:\Bachelorproef\Github\nerficg\SG_test\npz_files\drums\SG\threshold_0_01\lobes_10\inference\threshold_0_1,C:\Bachelorproef\Github\nerficg\output\FasterGS\drums_2026-05-07-14-32-48,108136.96,32.1,1.0,0.0014,241.58333333333331,22.316666666666663,1.0923766816143499,9.237668161434986,10.0,lobes=10,True,1.940909090909091
drums,SG,sg_l4_t0_01.npz,0.2,4.0,,295.28,C:\Bachelorproef\Github\nerficg\SG_test\npz_files\drums\SG\threshold_0_01\lobes_4\inference\threshold_0_2,C:\Bachelorproef\Github\nerficg\output\FasterGS\drums_2026-05-07-14-32-48,118865.18,35.28,1.0,0.002,241.58333333333331,53.69666666666666,1.2222697481890308,22.226974818903077,4.0,lobes=4,True,2.172727272727273
drums,SG,sg_l6_t0_01.npz,0.2,6.0,,292.23,C:\Bachelorproef\Github\nerficg\SG_test\npz_files\drums\SG\threshold_0_01\lobes_6\inference\threshold_0_2,C:\Bachelorproef\Github\nerficg\output\FasterGS\drums_2026-05-07-14-32-48,123954.77,36.79,1.0,0.002,241.58333333333331,50.646666666666704,1.2096447050707142,20.964470507071418,6.0,lobes=6,True,2.1886363636363635
drums,SG,sg_l10_t0_01.npz,0.2,10.0,,271.32,C:\Bachelorproef\Github\nerficg\SG_test\npz_files\drums\SG\threshold_0_01\lobes_10\inference\threshold_0_2,C:\Bachelorproef\Github\nerficg\output\FasterGS\drums_2026-05-07-14-32-48,127932.26,37.97,1.0,0.002,241.58333333333331,29.73666666666668,1.1230907209382546,12.309072093825456,10.0,lobes=10,True,2.0318181818181817
drums,SG,sg_l10_t0_01.npz,0.3,10.0,,281.83,C:\Bachelorproef\Github\nerficg\SG_test\npz_files\drums\SG\threshold_0_01\lobes_10\inference\threshold_0_3,C:\Bachelorproef\Github\nerficg\output\FasterGS\drums_2026-05-07-14-32-48,141804.99,42.09,1.0,0.0026,241.58333333333331,40.24666666666667,1.166595377716454,16.659537771645393,10.0,lobes=10,True,2.1795454545454547
drums,SG,sg_l4_t0_01.npz,0.3,4.0,,305.38,C:\Bachelorproef\Github\nerficg\SG_test\npz_files\drums\SG\threshold_0_01\lobes_4\inference\threshold_0_3,C:\Bachelorproef\Github\nerficg\output\FasterGS\drums_2026-05-07-14-32-48,133835.96,39.72,1.0,0.0027,241.58333333333331,63.79666666666668,1.2640772680234564,26.407726802345643,4.0,lobes=4,True,2.268181818181818
drums,SG,sg_l10_t0_01.npz,0.4,10.0,,288.12,C:\Bachelorproef\Github\nerficg\SG_test\npz_files\drums\SG\threshold_0_01\lobes_10\inference\threshold_0_4,C:\Bachelorproef\Github\nerficg\output\FasterGS\drums_2026-05-07-14-32-48,153524.94,45.57,0.999,0.0033,241.58333333333331,46.53666666666669,1.1926319420489826,19.26319420489826,10.0,lobes=10,True,1.8454545454545457
drums,SG,sg_l6_t0_01.npz,0.4,6.0,,310.75,C:\Bachelorproef\Github\nerficg\SG_test\npz_files\drums\SG\threshold_0_01\lobes_6\inference\threshold_0_4,C:\Bachelorproef\Github\nerficg\output\FasterGS\drums_2026-05-07-14-32-48,150763.27,44.75,0.999,0.0035,241.58333333333331,69.16666666666669,1.2863056226284928,28.63056226284928,6.0,lobes=6,True,1.956818181818182
drums,SG,sg_l4_t0_01.npz,0.4,4.0,,314.27,C:\Bachelorproef\Github\nerficg\SG_test\npz_files\drums\SG\threshold_0_01\lobes_4\inference\threshold_0_4,C:\Bachelorproef\Github\nerficg\output\FasterGS\drums_2026-05-07-14-32-48,147260.67,43.71,0.999,0.0036,241.58333333333331,72.68666666666667,1.3008761641945499,30.08761641945499,4.0,lobes=4,True,1.9249999999999998
drums,SG,sg_l10_t0_01.npz,0.5,10.0,,295.99,C:\Bachelorproef\Github\nerficg\SG_test\npz_files\drums\SG\threshold_0_01\lobes_10\inference\threshold_0_5,C:\Bachelorproef\Github\nerficg\output\FasterGS\drums_2026-05-07-14-32-48,164488.38,48.82,0.999,0.0042,241.58333333333331,54.406666666666695,1.2252086926526389,22.520869265263887,10.0,lobes=10,True,1.9045454545454548
drums,SG,sg_l6_t0_01.npz,0.5,6.0,,318.9,C:\Bachelorproef\Github\nerficg\SG_test\npz_files\drums\SG\threshold_0_01\lobes_6\inference\threshold_0_5,C:\Bachelorproef\Github\nerficg\output\FasterGS\drums_2026-05-07-14-32-48,162532.3,48.24,0.998,0.0046,241.58333333333331,77.31666666666666,1.3200413935839945,32.004139358399456,6.0,lobes=6,True,1.9
drums,SG,sg_l4_t0_01.npz,0.5,4.0,,326.03,C:\Bachelorproef\Github\nerficg\SG_test\npz_files\drums\SG\threshold_0_01\lobes_4\inference\threshold_0_5,C:\Bachelorproef\Github\nerficg\output\FasterGS\drums_2026-05-07-14-32-48,160258.62,47.57,0.998,0.0049,241.58333333333331,84.44666666666666,1.3495550189720593,34.955501897205934,4.0,lobes=4,True,1.8909090909090907
drums,SG,sg_l10_t0_01.npz,0.6,10.0,,304.23,C:\Bachelorproef\Github\nerficg\SG_test\npz_files\drums\SG\threshold_0_01\lobes_10\inference\threshold_0_6,C:\Bachelorproef\Github\nerficg\output\FasterGS\drums_2026-05-07-14-32-48,175447.99,52.08,0.998,0.0057,241.58333333333331,62.646666666666704,1.2593170058640912,25.93170058640912,10.0,lobes=10,False,1.8886363636363637
drums,SG,sg_l6_t0_01.npz,0.6,6.0,,329.85,C:\Bachelorproef\Github\nerficg\SG_test\npz_files\drums\SG\threshold_0_01\lobes_6\inference\threshold_0_6,C:\Bachelorproef\Github\nerficg\output\FasterGS\drums_2026-05-07-14-32-48,174310.83,51.74,0.997,0.0062,241.58333333333331,88.26666666666671,1.3653673680579512,36.53673680579512,6.0,lobes=6,False,1.9045454545454545
drums,SG,sg_l4_t0_01.npz,0.6,4.0,,332.5,C:\Bachelorproef\Github\nerficg\SG_test\npz_files\drums\SG\threshold_0_01\lobes_4\inference\threshold_0_6,C:\Bachelorproef\Github\nerficg\output\FasterGS\drums_2026-05-07-14-32-48,173388.86,51.46,0.997,0.0069,241.58333333333331,90.91666666666669,1.3763366678164886,37.633666781648856,4.0,lobes=4,False,1.890909090909091
drums,SG,sg_l10_t0_01.npz,0.7,10.0,,314.69,C:\Bachelorproef\Github\nerficg\SG_test\npz_files\drums\SG\threshold_0_01\lobes_10\inference\threshold_0_7,C:\Bachelorproef\Github\nerficg\output\FasterGS\drums_2026-05-07-14-32-48,187358.19,55.61,0.996,0.008,241.58333333333331,73.10666666666668,1.302614694722318,30.261469472231806,10.0,lobes=10,False,1.8477272727272729
drums,SG,sg_l6_t0_01.npz,0.7,6.0,,342.39,C:\Bachelorproef\Github\nerficg\SG_test\npz_files\drums\SG\threshold_0_01\lobes_6\inference\threshold_0_7,C:\Bachelorproef\Github\nerficg\output\FasterGS\drums_2026-05-07-14-32-48,187065.7,55.52,0.995,0.0088,241.58333333333331,100.80666666666667,1.41727492238703,41.727492238703,6.0,lobes=6,False,1.8704545454545454
drums,SG,sg_l4_t0_01.npz,0.7,4.0,,353.04,C:\Bachelorproef\Github\nerficg\SG_test\npz_files\drums\SG\threshold_0_01\lobes_4\inference\threshold_0_7,C:\Bachelorproef\Github\nerficg\output\FasterGS\drums_2026-05-07-14-32-48,187469.18,55.64,0.994,0.01,241.58333333333331,111.4566666666667,1.4613590893411523,46.135908934115236,4.0,lobes=4,False,1.8613636363636363
drums,SG,sg_l10_t0_01.npz,0.8,10.0,,326.73,C:\Bachelorproef\Github\nerficg\SG_test\npz_files\drums\SG\threshold_0_01\lobes_10\inference\threshold_0_8,C:\Bachelorproef\Github\nerficg\output\FasterGS\drums_2026-05-07-14-32-48,201598.86,59.84,0.991,0.0123,241.58333333333331,85.1466666666667,1.3524525698516732,35.245256985167316,10.0,lobes=10,False,1.7999999999999998
drums,SG,sg_l6_t0_01.npz,0.8,6.0,,347.57,C:\Bachelorproef\Github\nerficg\SG_test\npz_files\drums\SG\threshold_0_01\lobes_6\inference\threshold_0_8,C:\Bachelorproef\Github\nerficg\output\FasterGS\drums_2026-05-07-14-32-48,202318.9,60.05,0.99,0.0137,241.58333333333331,105.98666666666668,1.438716798896171,43.87167988961711,6.0,lobes=6,False,1.834090909090909
drums,SG,sg_l4_t0_01.npz,0.8,4.0,,374.73,C:\Bachelorproef\Github\nerficg\SG_test\npz_files\drums\SG\threshold_0_01\lobes_4\inference\threshold_0_8,C:\Bachelorproef\Github\nerficg\output\FasterGS\drums_2026-05-07-14-32-48,204096.59,60.58,0.988,0.0158,241.58333333333331,133.1466666666667,1.5511417730251813,55.11417730251813,4.0,lobes=4,False,1.85
drums,SG,sg_l10_t0_01.npz,0.9,10.0,,353.81,C:\Bachelorproef\Github\nerficg\SG_test\npz_files\drums\SG\threshold_0_01\lobes_10\inference\threshold_0_9,C:\Bachelorproef\Github\nerficg\output\FasterGS\drums_2026-05-07-14-32-48,221719.64,65.81,0.98,0.0225,241.58333333333331,112.22666666666669,1.4645463953087272,46.45463953087272,10.0,lobes=10,False,1.7863636363636366
drums,SG,sg_l6_t0_01.npz,0.9,6.0,,379.18,C:\Bachelorproef\Github\nerficg\SG_test\npz_files\drums\SG\threshold_0_01\lobes_6\inference\threshold_0_9,C:\Bachelorproef\Github\nerficg\output\FasterGS\drums_2026-05-07-14-32-48,224219.58,66.55,0.977,0.0252,241.58333333333331,137.5966666666667,1.5695619179027251,56.95619179027251,6.0,lobes=6,False,1.7931818181818184
drums,SG,sg_l4_t0_01.npz,0.9,4.0,,405.62,C:\Bachelorproef\Github\nerficg\SG_test\npz_files\drums\SG\threshold_0_01\lobes_4\inference\threshold_0_9,C:\Bachelorproef\Github\nerficg\output\FasterGS\drums_2026-05-07-14-32-48,227642.13,67.57,0.973,0.0288,241.58333333333331,164.0366666666667,1.6790065539841326,67.90065539841325,4.0,lobes=4,False,1.7772727272727271
drums,SV,sv_s8_t0_01_temp5.npz,0.1,,8.0,266.65,C:\Bachelorproef\Github\nerficg\SG_test\npz_files\drums\SV\threshold_0_01\sites_8\inference\threshold_0_1,C:\Bachelorproef\Github\nerficg\output\FasterGS\drums_2026-05-07-14-32-48,85441.17,25.36,1.0,0.001,241.58333333333331,25.066666666666663,1.103759917212832,10.375991721283206,8.0,sites=8,True,1.9795454545454545
drums,SV,sv_s10_t0_01_temp5.npz,0.1,,10.0,253.96,C:\Bachelorproef\Github\nerficg\SG_test\npz_files\drums\SV\threshold_0_01\sites_10\inference\threshold_0_1,C:\Bachelorproef\Github\nerficg\output\FasterGS\drums_2026-05-07-14-32-48,87606.23,26.0,1.0,0.001,241.58333333333331,12.376666666666694,1.0512314591238359,5.1231459123835865,10.0,sites=10,True,1.8477272727272727
drums,SV,sv_s15_t0_01_temp5.npz,0.1,,15.0,239.97,C:\Bachelorproef\Github\nerficg\SG_test\npz_files\drums\SV\threshold_0_01\sites_15\inference\threshold_0_1,C:\Bachelorproef\Github\nerficg\output\FasterGS\drums_2026-05-07-14-32-48,90443.74,26.84,1.0,0.001,241.58333333333331,-1.6133333333333155,0.9933218351155572,-0.6678164884442839,15.0,sites=15,True,1.7795454545454545
drums,SV,sv_s8_t0_01_temp5.npz,0.2,,8.0,274.26,C:\Bachelorproef\Github\nerficg\SG_test\npz_files\drums\SV\threshold_0_01\sites_8\inference\threshold_0_2,C:\Bachelorproef\Github\nerficg\output\FasterGS\drums_2026-05-07-14-32-48,101608.46,30.16,1.0,0.0015,241.58333333333331,32.67666666666668,1.135260434632632,13.526043463263203,8.0,sites=8,True,1.9977272727272726
drums,SV,sv_s10_t0_01_temp5.npz,0.2,,10.0,265.01,C:\Bachelorproef\Github\nerficg\SG_test\npz_files\drums\SV\threshold_0_01\sites_10\inference\threshold_0_2,C:\Bachelorproef\Github\nerficg\output\FasterGS\drums_2026-05-07-14-32-48,103961.02,30.86,1.0,0.0015,241.58333333333331,23.426666666666677,1.0969713694377372,9.697136943773721,10.0,sites=10,True,1.893181818181818
drums,SV,sv_s15_t0_01_temp5.npz,0.2,,15.0,246.94,C:\Bachelorproef\Github\nerficg\SG_test\npz_files\drums\SV\threshold_0_01\sites_15\inference\threshold_0_2,C:\Bachelorproef\Github\nerficg\output\FasterGS\drums_2026-05-07-14-32-48,107050.8,31.77,1.0,0.0015,241.58333333333331,5.356666666666683,1.0221731631597104,2.2173163159710407,15.0,sites=15,True,1.7454545454545454
drums,SV,sv_s8_t0_01_temp5.npz,0.3,,8.0,281.52,C:\Bachelorproef\Github\nerficg\SG_test\npz_files\drums\SV\threshold_0_01\sites_8\inference\threshold_0_3,C:\Bachelorproef\Github\nerficg\output\FasterGS\drums_2026-05-07-14-32-48,113474.8,33.68,1.0,0.0019,241.58333333333331,39.93666666666667,1.165312176612625,16.53121766126251,8.0,sites=8,True,2.081818181818182
drums,SV,sv_s10_t0_01_temp5.npz,0.3,,10.0,275.8,C:\Bachelorproef\Github\nerficg\SG_test\npz_files\drums\SV\threshold_0_01\sites_10\inference\threshold_0_3,C:\Bachelorproef\Github\nerficg\output\FasterGS\drums_2026-05-07-14-32-48,115912.13,34.4,1.0,0.0019,241.58333333333331,34.2166666666667,1.141635046567782,14.163504656778203,10.0,sites=10,True,2.031818181818182
drums,SV,sv_s15_t0_01_temp5.npz,0.3,,15.0,252.47,C:\Bachelorproef\Github\nerficg\SG_test\npz_files\drums\SV\threshold_0_01\sites_15\inference\threshold_0_3,C:\Bachelorproef\Github\nerficg\output\FasterGS\drums_2026-05-07-14-32-48,119142.41,35.36,1.0,0.0019,241.58333333333331,10.886666666666684,1.0450638151086582,4.50638151086582,15.0,sites=15,True,1.7681818181818183
drums,SV,sv_s8_t0_01_temp5.npz,0.4,,8.0,288.3,C:\Bachelorproef\Github\nerficg\SG_test\npz_files\drums\SV\threshold_0_01\sites_8\inference\threshold_0_4,C:\Bachelorproef\Github\nerficg\output\FasterGS\drums_2026-05-07-14-32-48,124314.46,36.9,1.0,0.0023,241.58333333333331,46.7166666666667,1.1933770265608832,19.337702656088318,8.0,sites=8,True,2.1090909090909093
drums,SV,sv_s10_t0_01_temp5.npz,0.4,,10.0,283.66,C:\Bachelorproef\Github\nerficg\SG_test\npz_files\drums\SV\threshold_0_01\sites_10\inference\threshold_0_4,C:\Bachelorproef\Github\nerficg\output\FasterGS\drums_2026-05-07-14-32-48,126691.96,37.6,1.0,0.0023,241.58333333333331,42.07666666666671,1.174170403587444,17.41704035874441,10.0,sites=10,True,2.0954545454545457
drums,SV,sv_s15_t0_01_temp5.npz,0.4,,15.0,258.56,C:\Bachelorproef\Github\nerficg\SG_test\npz_files\drums\SV\threshold_0_01\sites_15\inference\threshold_0_4,C:\Bachelorproef\Github\nerficg\output\FasterGS\drums_2026-05-07-14-32-48,129974.38,38.58,1.0,0.0024,241.58333333333331,16.976666666666688,1.0702725077612971,7.027250776129712,15.0,sites=15,True,1.8136363636363637
drums,SV,sv_s8_t0_01_temp5.npz,0.5,,8.0,295.09,C:\Bachelorproef\Github\nerficg\SG_test\npz_files\drums\SV\threshold_0_01\sites_8\inference\threshold_0_5,C:\Bachelorproef\Github\nerficg\output\FasterGS\drums_2026-05-07-14-32-48,135419.62,40.19,1.0,0.003,241.58333333333331,53.50666666666666,1.2214832700931355,22.14832700931355,8.0,sites=8,True,2.168181818181818
drums,SV,sv_s10_t0_01_temp5.npz,0.5,,10.0,286.99,C:\Bachelorproef\Github\nerficg\SG_test\npz_files\drums\SV\threshold_0_01\sites_10\inference\threshold_0_5,C:\Bachelorproef\Github\nerficg\output\FasterGS\drums_2026-05-07-14-32-48,137709.51,40.87,1.0,0.003,241.58333333333331,45.406666666666695,1.187954467057606,18.79544670576061,10.0,sites=10,True,2.122727272727273
drums,SV,sv_s15_t0_01_temp5.npz,0.5,,15.0,263.8,C:\Bachelorproef\Github\nerficg\SG_test\npz_files\drums\SV\threshold_0_01\sites_15\inference\threshold_0_5,C:\Bachelorproef\Github\nerficg\output\FasterGS\drums_2026-05-07-14-32-48,140867.85,41.81,1.0,0.003,241.58333333333331,22.216666666666697,1.091962745774405,9.1962745774405,15.0,sites=15,True,1.8954545454545455
drums,SV,sv_s15_t0_01_temp5.npz,0.6,,15.0,271.14,C:\Bachelorproef\Github\nerficg\SG_test\npz_files\drums\SV\threshold_0_01\sites_15\inference\threshold_0_6,C:\Bachelorproef\Github\nerficg\output\FasterGS\drums_2026-05-07-14-32-48,152838.93,45.36,0.999,0.0039,241.58333333333331,29.556666666666672,1.122345636426354,12.234563642635399,15.0,sites=15,True,1.6386363636363637
drums,SV,sv_s10_t0_01_temp5.npz,0.6,,10.0,300.16,C:\Bachelorproef\Github\nerficg\SG_test\npz_files\drums\SV\threshold_0_01\sites_10\inference\threshold_0_6,C:\Bachelorproef\Github\nerficg\output\FasterGS\drums_2026-05-07-14-32-48,150033.25,44.53,0.999,0.004,241.58333333333331,58.57666666666671,1.2424698171783375,24.246981717833748,10.0,sites=10,True,1.8681818181818182
drums,SV,sv_s8_t0_01_temp5.npz,0.6,,8.0,303.73,C:\Bachelorproef\Github\nerficg\SG_test\npz_files\drums\SV\threshold_0_01\sites_8\inference\threshold_0_6,C:\Bachelorproef\Github\nerficg\output\FasterGS\drums_2026-05-07-14-32-48,147976.95,43.92,0.999,0.0041,241.58333333333331,62.146666666666704,1.2572473266643671,25.72473266643671,8.0,sites=8,True,1.8636363636363635
drums,SV,sv_s15_t0_01_temp5.npz,0.7,,15.0,282.32,C:\Bachelorproef\Github\nerficg\SG_test\npz_files\drums\SV\threshold_0_01\sites_15\inference\threshold_0_7,C:\Bachelorproef\Github\nerficg\output\FasterGS\drums_2026-05-07-14-32-48,167062.03,49.59,0.998,0.0057,241.58333333333331,40.73666666666668,1.1686236633321836,16.86236633321836,15.0,sites=15,False,1.690909090909091
drums,SV,sv_s10_t0_01_temp5.npz,0.7,,10.0,304.84,C:\Bachelorproef\Github\nerficg\SG_test\npz_files\drums\SV\threshold_0_01\sites_10\inference\threshold_0_7,C:\Bachelorproef\Github\nerficg\output\FasterGS\drums_2026-05-07-14-32-48,164968.78,48.97,0.998,0.0059,241.58333333333331,63.25666666666666,1.2618420144877545,26.184201448775447,10.0,sites=10,False,1.8181818181818183
drums,SV,sv_s8_t0_01_temp5.npz,0.7,,8.0,315.4,C:\Bachelorproef\Github\nerficg\SG_test\npz_files\drums\SV\threshold_0_01\sites_8\inference\threshold_0_7,C:\Bachelorproef\Github\nerficg\output\FasterGS\drums_2026-05-07-14-32-48,163413.61,48.5,0.998,0.006,241.58333333333331,73.81666666666666,1.3055536391859262,30.555363918592615,8.0,sites=8,False,1.8386363636363634
drums,SV,sv_s15_t0_01_temp5.npz,0.8,,15.0,295.86,C:\Bachelorproef\Github\nerficg\SG_test\npz_files\drums\SV\threshold_0_01\sites_15\inference\threshold_0_8,C:\Bachelorproef\Github\nerficg\output\FasterGS\drums_2026-05-07-14-32-48,185489.68,55.06,0.996,0.0094,241.58333333333331,54.2766666666667,1.2246705760607108,22.467057606071084,15.0,sites=15,False,1.718181818181818
drums,SV,sv_s10_t0_01_temp5.npz,0.8,,10.0,328.66,C:\Bachelorproef\Github\nerficg\SG_test\npz_files\drums\SV\threshold_0_01\sites_10\inference\threshold_0_8,C:\Bachelorproef\Github\nerficg\output\FasterGS\drums_2026-05-07-14-32-48,184708.17,54.82,0.995,0.0099,241.58333333333331,87.07666666666671,1.360441531562608,36.04415315626079,10.0,sites=10,False,1.8113636363636363
drums,SV,sv_s8_t0_01_temp5.npz,0.8,,8.0,330.9,C:\Bachelorproef\Github\nerficg\SG_test\npz_files\drums\SV\threshold_0_01\sites_8\inference\threshold_0_8,C:\Bachelorproef\Github\nerficg\output\FasterGS\drums_2026-05-07-14-32-48,184102.49,54.64,0.995,0.0103,241.58333333333331,89.31666666666666,1.3697136943773716,36.97136943773715,8.0,sites=8,False,1.7977272727272726
drums,SV,sv_s15_t0_01_temp5.npz,0.9,,15.0,321.39,C:\Bachelorproef\Github\nerficg\SG_test\npz_files\drums\SV\threshold_0_01\sites_15\inference\threshold_0_9,C:\Bachelorproef\Github\nerficg\output\FasterGS\drums_2026-05-07-14-32-48,213641.89,63.41,0.986,0.0198,241.58333333333331,79.80666666666667,1.3303483959986202,33.03483959986202,15.0,sites=15,False,1.7477272727272728
drums,SV,sv_s10_t0_01_temp5.npz,0.9,,10.0,362.22,C:\Bachelorproef\Github\nerficg\SG_test\npz_files\drums\SV\threshold_0_01\sites_10\inference\threshold_0_9,C:\Bachelorproef\Github\nerficg\output\FasterGS\drums_2026-05-07-14-32-48,214804.27,63.76,0.984,0.0212,241.58333333333331,120.63666666666671,1.4993583994480857,49.93583994480857,10.0,sites=10,False,1.8113636363636363
drums,SV,sv_s8_t0_01_temp5.npz,0.9,,8.0,367.18,C:\Bachelorproef\Github\nerficg\SG_test\npz_files\drums\SV\threshold_0_01\sites_8\inference\threshold_0_9,C:\Bachelorproef\Github\nerficg\output\FasterGS\drums_2026-05-07-14-32-48,215605.11,63.99,0.984,0.0222,241.58333333333331,125.59666666666669,1.5198896171093481,51.98896171093481,8.0,sites=8,False,1.815909090909091
lego,BASELINE,no_culling,0.0,,,234.9666666666667,C:\Bachelorproef\Github\nerficg\output\FasterGS\fastergs_lego_2026-04-11-10-34-51\baseline_benchmark,C:\Bachelorproef\Github\nerficg\output\FasterGS\fastergs_lego_2026-04-11-10-34-51,0.0,0.0,1.0,0.0,234.9666666666667,0.0,1.0,0.0,0.0,no culling,True,1.7113636363636364
lego,SG,sg_l6_t0_01.npz,0.1,6.0,,258.15,C:\Bachelorproef\Github\nerficg\SG_test\npz_files\lego\SG\threshold_0_01\lobes_6\inference\threshold_0_1,C:\Bachelorproef\Github\nerficg\output\FasterGS\fastergs_lego_2026-04-11-10-34-51,76733.98,24.35,1.0,0.0008,234.9666666666667,23.18333333333328,1.098666477514541,9.866647751454094,6.0,lobes=6,True,1.9204545454545454
lego,SG,sg_l10_t0_01.npz,0.1,10.0,,243.82,C:\Bachelorproef\Github\nerficg\SG_test\npz_files\lego\SG\threshold_0_01\lobes_10\inference\threshold_0_1,C:\Bachelorproef\Github\nerficg\output\FasterGS\fastergs_lego_2026-04-11-10-34-51,83854.63,26.61,1.0,0.0008,234.9666666666667,8.853333333333296,1.0376791034189246,3.7679103418924553,10.0,lobes=10,True,1.865909090909091
lego,SG,sg_l6_t0_01.npz,0.2,6.0,,270.4,C:\Bachelorproef\Github\nerficg\SG_test\npz_files\lego\SG\threshold_0_01\lobes_6\inference\threshold_0_2,C:\Bachelorproef\Github\nerficg\output\FasterGS\fastergs_lego_2026-04-11-10-34-51,100135.66,31.77,1.0,0.0013,234.9666666666667,35.43333333333328,1.1508015321322171,15.080153213221713,6.0,lobes=6,True,2.0454545454545454
lego,SG,sg_l10_t0_01.npz,0.2,10.0,,254.75,C:\Bachelorproef\Github\nerficg\SG_test\npz_files\lego\SG\threshold_0_01\lobes_10\inference\threshold_0_2,C:\Bachelorproef\Github\nerficg\output\FasterGS\fastergs_lego_2026-04-11-10-34-51,105599.81,33.51,1.0,0.0013,234.9666666666667,19.783333333333303,1.0841963399063697,8.419633990636965,10.0,lobes=10,True,1.9068181818181817
lego,SG,sg_l10_t0_01.npz,0.3,10.0,,263.12,C:\Bachelorproef\Github\nerficg\SG_test\npz_files\lego\SG\threshold_0_01\lobes_10\inference\threshold_0_3,C:\Bachelorproef\Github\nerficg\output\FasterGS\fastergs_lego_2026-04-11-10-34-51,119301.51,37.85,1.0,0.0018,234.9666666666667,28.153333333333308,1.1198184139594267,11.981841395942672,10.0,lobes=10,True,1.9636363636363636
lego,SG,sg_l4_t0_01.npz,0.3,4.0,,278.26,C:\Bachelorproef\Github\nerficg\SG_test\npz_files\lego\SG\threshold_0_01\lobes_4\inference\threshold_0_3,C:\Bachelorproef\Github\nerficg\output\FasterGS\fastergs_lego_2026-04-11-10-34-51,107938.38,34.25,1.0,0.0019,234.9666666666667,43.293333333333294,1.1842530855440485,18.42530855440485,4.0,lobes=4,True,2.0545454545454547
lego,SG,sg_l10_t0_01.npz,0.4,10.0,,270.74,C:\Bachelorproef\Github\nerficg\SG_test\npz_files\lego\SG\threshold_0_01\lobes_10\inference\threshold_0_4,C:\Bachelorproef\Github\nerficg\output\FasterGS\fastergs_lego_2026-04-11-10-34-51,130164.49,41.3,1.0,0.0024,234.9666666666667,35.77333333333331,1.1522485458930343,15.224854589303426,10.0,lobes=10,True,2.040909090909091
lego,SG,sg_l4_t0_01.npz,0.4,4.0,,290.06,C:\Bachelorproef\Github\nerficg\SG_test\npz_files\lego\SG\threshold_0_01\lobes_4\inference\threshold_0_4,C:\Bachelorproef\Github\nerficg\output\FasterGS\fastergs_lego_2026-04-11-10-34-51,121943.65,38.69,0.999,0.0028,234.9666666666667,55.093333333333305,1.2344729748900551,23.447297489005514,4.0,lobes=4,True,1.759090909090909
lego,SG,sg_l10_t0_01.npz,0.5,10.0,,276.96,C:\Bachelorproef\Github\nerficg\SG_test\npz_files\lego\SG\threshold_0_01\lobes_10\inference\threshold_0_5,C:\Bachelorproef\Github\nerficg\output\FasterGS\fastergs_lego_2026-04-11-10-34-51,139972.07,44.41,0.999,0.0033,234.9666666666667,41.99333333333328,1.178720385870336,17.87203858703359,10.0,lobes=10,True,1.731818181818182
lego,SG,sg_l4_t0_01.npz,0.5,4.0,,299.25,C:\Bachelorproef\Github\nerficg\SG_test\npz_files\lego\SG\threshold_0_01\lobes_4\inference\threshold_0_5,C:\Bachelorproef\Github\nerficg\output\FasterGS\fastergs_lego_2026-04-11-10-34-51,134517.36,42.68,0.999,0.0041,234.9666666666667,64.2833333333333,1.2735849056603772,27.35849056603772,4.0,lobes=4,True,1.7954545454545456
lego,SG,sg_l10_t0_01.npz,0.6,10.0,,289.19,C:\Bachelorproef\Github\nerficg\SG_test\npz_files\lego\SG\threshold_0_01\lobes_10\inference\threshold_0_6,C:\Bachelorproef\Github\nerficg\output\FasterGS\fastergs_lego_2026-04-11-10-34-51,149584.91,47.46,0.998,0.0048,234.9666666666667,54.2233333333333,1.2307703220314936,23.07703220314936,10.0,lobes=10,True,1.718181818181818
lego,SG,sg_l4_t0_01.npz,0.6,4.0,,310.03,C:\Bachelorproef\Github\nerficg\SG_test\npz_files\lego\SG\threshold_0_01\lobes_4\inference\threshold_0_6,C:\Bachelorproef\Github\nerficg\output\FasterGS\fastergs_lego_2026-04-11-10-34-51,146760.2,46.57,0.997,0.0064,234.9666666666667,75.06333333333328,1.3194637537239322,31.94637537239322,4.0,lobes=4,False,1.7227272727272727
lego,SG,sg_l10_t0_01.npz,0.7,10.0,,300.34,C:\Bachelorproef\Github\nerficg\SG_test\npz_files\lego\SG\threshold_0_01\lobes_10\inference\threshold_0_7,C:\Bachelorproef\Github\nerficg\output\FasterGS\fastergs_lego_2026-04-11-10-34-51,159725.48,50.68,0.996,0.0075,234.9666666666667,65.37333333333328,1.2782238615406438,27.822386154064382,10.0,lobes=10,False,1.7204545454545457
lego,SG,sg_l4_t0_01.npz,0.7,4.0,,323.16,C:\Bachelorproef\Github\nerficg\SG_test\npz_files\lego\SG\threshold_0_01\lobes_4\inference\threshold_0_7,C:\Bachelorproef\Github\nerficg\output\FasterGS\fastergs_lego_2026-04-11-10-34-51,159811.47,50.71,0.994,0.0104,234.9666666666667,88.19333333333333,1.3753440204284295,37.53440204284295,4.0,lobes=4,False,1.6977272727272728
lego,SG,sg_l10_t0_01.npz,0.8,10.0,,312.56,C:\Bachelorproef\Github\nerficg\SG_test\npz_files\lego\SG\threshold_0_01\lobes_10\inference\threshold_0_8,C:\Bachelorproef\Github\nerficg\output\FasterGS\fastergs_lego_2026-04-11-10-34-51,171466.65,54.41,0.992,0.0126,234.9666666666667,77.5933333333333,1.3302312384735422,33.02312384735422,10.0,lobes=10,False,1.6727272727272728
lego,SG,sg_l6_t0_01.npz,0.8,6.0,,307.44,C:\Bachelorproef\Github\nerficg\SG_test\npz_files\lego\SG\threshold_0_01\lobes_6\inference\threshold_0_8,C:\Bachelorproef\Github\nerficg\output\FasterGS\fastergs_lego_2026-04-11-10-34-51,172618.21,54.77,0.99,0.0147,234.9666666666667,72.4733333333333,1.3084409136047666,30.844091360476654,6.0,lobes=6,False,1.6386363636363632
lego,SG,sg_l4_t0_01.npz,0.8,4.0,,342.45,C:\Bachelorproef\Github\nerficg\SG_test\npz_files\lego\SG\threshold_0_01\lobes_4\inference\threshold_0_8,C:\Bachelorproef\Github\nerficg\output\FasterGS\fastergs_lego_2026-04-11-10-34-51,175181.46,55.59,0.986,0.0186,234.9666666666667,107.48333333333329,1.457440771740672,45.74407717406721,4.0,lobes=4,False,1.7295454545454545
lego,SG,sg_l10_t0_01.npz,0.9,10.0,,333.72,C:\Bachelorproef\Github\nerficg\SG_test\npz_files\lego\SG\threshold_0_01\lobes_10\inference\threshold_0_9,C:\Bachelorproef\Github\nerficg\output\FasterGS\fastergs_lego_2026-04-11-10-34-51,187801.38,59.59,0.979,0.025,234.9666666666667,98.75333333333333,1.4202865654702794,42.02865654702794,10.0,lobes=10,False,1.6863636363636365
lego,SG,sg_l6_t0_01.npz,0.9,6.0,,351.57,C:\Bachelorproef\Github\nerficg\SG_test\npz_files\lego\SG\threshold_0_01\lobes_6\inference\threshold_0_9,C:\Bachelorproef\Github\nerficg\output\FasterGS\fastergs_lego_2026-04-11-10-34-51,190943.85,60.59,0.975,0.0298,234.9666666666667,116.6033333333333,1.496254787913179,49.62547879131789,6.0,lobes=6,False,1.6954545454545453
lego,SG,sg_l4_t0_01.npz,0.9,4.0,,376.75,C:\Bachelorproef\Github\nerficg\SG_test\npz_files\lego\SG\threshold_0_01\lobes_4\inference\threshold_0_9,C:\Bachelorproef\Github\nerficg\output\FasterGS\fastergs_lego_2026-04-11-10-34-51,196575.8,62.37,0.966,0.0384,234.9666666666667,141.7833333333333,1.6034189246701658,60.34189246701658,4.0,lobes=4,False,1.7227272727272729
lego,SV,sv_s8_t0_01_temp5.npz,0.1,,8.0,246.33,C:\Bachelorproef\Github\nerficg\SG_test\npz_files\lego\SV\threshold_0_01\sites_8\inference\threshold_0_1,C:\Bachelorproef\Github\nerficg\output\FasterGS\fastergs_lego_2026-04-11-10-34-51,56506.71,17.93,1.0,0.0005,234.9666666666667,11.363333333333316,1.0483614697120158,4.8361469712015825,8.0,sites=8,True,1.856818181818182
lego,SV,sv_s10_t0_01_temp5.npz,0.1,,10.0,243.22,C:\Bachelorproef\Github\nerficg\SG_test\npz_files\lego\SV\threshold_0_01\sites_10\inference\threshold_0_1,C:\Bachelorproef\Github\nerficg\output\FasterGS\fastergs_lego_2026-04-11-10-34-51,59605.69,18.91,1.0,0.0005,234.9666666666667,8.253333333333302,1.035125549723365,3.51255497233649,10.0,sites=10,True,1.8477272727272727
lego,SV,sv_s15_t0_01_temp5.npz,0.1,,15.0,224.9,C:\Bachelorproef\Github\nerficg\SG_test\npz_files\lego\SV\threshold_0_01\sites_15\inference\threshold_0_1,C:\Bachelorproef\Github\nerficg\output\FasterGS\fastergs_lego_2026-04-11-10-34-51,62281.17,19.76,1.0,0.0005,234.9666666666667,-10.066666666666691,0.9571570435522768,-4.2842956447723175,15.0,sites=15,True,1.831818181818182
lego,SV,sv_s8_t0_01_temp5.npz,0.2,,8.0,253.51,C:\Bachelorproef\Github\nerficg\SG_test\npz_files\lego\SV\threshold_0_01\sites_8\inference\threshold_0_2,C:\Bachelorproef\Github\nerficg\output\FasterGS\fastergs_lego_2026-04-11-10-34-51,73640.13,23.37,1.0,0.0008,234.9666666666667,18.543333333333294,1.078918995602213,7.891899560221294,8.0,sites=8,True,1.8613636363636363
lego,SV,sv_s10_t0_01_temp5.npz,0.2,,10.0,248.74,C:\Bachelorproef\Github\nerficg\SG_test\npz_files\lego\SV\threshold_0_01\sites_10\inference\threshold_0_2,C:\Bachelorproef\Github\nerficg\output\FasterGS\fastergs_lego_2026-04-11-10-34-51,77050.55,24.45,1.0,0.0008,234.9666666666667,13.773333333333312,1.0586182437225138,5.8618243722513785,10.0,sites=10,True,1.8568181818181817
lego,SV,sv_s15_t0_01_temp5.npz,0.2,,15.0,232.16,C:\Bachelorproef\Github\nerficg\SG_test\npz_files\lego\SV\threshold_0_01\sites_15\inference\threshold_0_2,C:\Bachelorproef\Github\nerficg\output\FasterGS\fastergs_lego_2026-04-11-10-34-51,80143.46,25.43,1.0,0.0008,234.9666666666667,-2.8066666666667004,0.9880550432685485,-1.1944956731451462,15.0,sites=15,True,1.8113636363636363
lego,SV,sv_s8_t0_01_temp5.npz,0.3,,8.0,260.52,C:\Bachelorproef\Github\nerficg\SG_test\npz_files\lego\SV\threshold_0_01\sites_8\inference\threshold_0_3,C:\Bachelorproef\Github\nerficg\output\FasterGS\fastergs_lego_2026-04-11-10-34-51,86591.03,27.48,1.0,0.0011,234.9666666666667,25.553333333333285,1.1087530146120015,10.875301461200149,8.0,sites=8,True,1.8863636363636362
lego,SV,sv_s10_t0_01_temp5.npz,0.3,,10.0,255.84,C:\Bachelorproef\Github\nerficg\SG_test\npz_files\lego\SV\threshold_0_01\sites_10\inference\threshold_0_3,C:\Bachelorproef\Github\nerficg\output\FasterGS\fastergs_lego_2026-04-11-10-34-51,89957.68,28.54,1.0,0.0011,234.9666666666667,20.873333333333306,1.0888352957866363,8.88352957866363,10.0,sites=10,True,1.8545454545454545
lego,SV,sv_s15_t0_01_temp5.npz,0.3,,15.0,237.16,C:\Bachelorproef\Github\nerficg\SG_test\npz_files\lego\SV\threshold_0_01\sites_15\inference\threshold_0_3,C:\Bachelorproef\Github\nerficg\output\FasterGS\fastergs_lego_2026-04-11-10-34-51,93149.93,29.56,1.0,0.0011,234.9666666666667,2.1933333333332996,1.0093346573982123,0.9334657398212265,15.0,sites=15,True,1.768181818181818
lego,SV,sv_s8_t0_01_temp5.npz,0.4,,8.0,266.33,C:\Bachelorproef\Github\nerficg\SG_test\npz_files\lego\SV\threshold_0_01\sites_8\inference\threshold_0_4,C:\Bachelorproef\Github\nerficg\output\FasterGS\fastergs_lego_2026-04-11-10-34-51,98177.4,31.15,1.0,0.0015,234.9666666666667,31.363333333333287,1.1334799262306707,13.347992623067073,8.0,sites=8,True,1.9113636363636364
lego,SV,sv_s10_t0_01_temp5.npz,0.4,,10.0,262.67,C:\Bachelorproef\Github\nerficg\SG_test\npz_files\lego\SV\threshold_0_01\sites_10\inference\threshold_0_4,C:\Bachelorproef\Github\nerficg\output\FasterGS\fastergs_lego_2026-04-11-10-34-51,101372.04,32.17,1.0,0.0015,234.9666666666667,27.70333333333332,1.1179032486877571,11.790324868775715,10.0,sites=10,True,1.8795454545454544
lego,SV,sv_s15_t0_01_temp5.npz,0.4,,15.0,243.76,C:\Bachelorproef\Github\nerficg\SG_test\npz_files\lego\SV\threshold_0_01\sites_15\inference\threshold_0_4,C:\Bachelorproef\Github\nerficg\output\FasterGS\fastergs_lego_2026-04-11-10-34-51,104451.33,33.14,1.0,0.0015,234.9666666666667,8.793333333333294,1.0374237480493684,3.7423748049368433,15.0,sites=15,True,1.759090909090909
lego,SV,sv_s15_t0_01_temp5.npz,0.5,,15.0,248.68,C:\Bachelorproef\Github\nerficg\SG_test\npz_files\lego\SV\threshold_0_01\sites_15\inference\threshold_0_5,C:\Bachelorproef\Github\nerficg\output\FasterGS\fastergs_lego_2026-04-11-10-34-51,115285.49,36.58,1.0,0.0021,234.9666666666667,13.71333333333331,1.0583628883529577,5.8362888352957665,15.0,sites=15,True,1.731818181818182
lego,SV,sv_s8_t0_01_temp5.npz,0.5,,8.0,273.88,C:\Bachelorproef\Github\nerficg\SG_test\npz_files\lego\SV\threshold_0_01\sites_8\inference\threshold_0_5,C:\Bachelorproef\Github\nerficg\output\FasterGS\fastergs_lego_2026-04-11-10-34-51,109590.58,34.77,1.0,0.0022,234.9666666666667,38.9133333333333,1.1656121435664633,16.561214356646325,8.0,sites=8,True,1.956818181818182
lego,SV,sv_s15_t0_01_temp5.npz,0.6,,15.0,255.9,C:\Bachelorproef\Github\nerficg\SG_test\npz_files\lego\SV\threshold_0_01\sites_15\inference\threshold_0_6,C:\Bachelorproef\Github\nerficg\output\FasterGS\fastergs_lego_2026-04-11-10-34-51,126579.73,40.16,0.999,0.0031,234.9666666666667,20.93333333333331,1.0890906511561922,8.909065115619219,15.0,sites=15,True,1.3954545454545455
lego,SV,sv_s10_t0_01_temp5.npz,0.6,,10.0,277.07,C:\Bachelorproef\Github\nerficg\SG_test\npz_files\lego\SV\threshold_0_01\sites_10\inference\threshold_0_6,C:\Bachelorproef\Github\nerficg\output\FasterGS\fastergs_lego_2026-04-11-10-34-51,124061.91,39.37,0.999,0.0032,234.9666666666667,42.103333333333296,1.1791885373811886,17.918853738118855,10.0,sites=10,True,1.625
lego,SV,sv_s8_t0_01_temp5.npz,0.6,,8.0,281.03,C:\Bachelorproef\Github\nerficg\SG_test\npz_files\lego\SV\threshold_0_01\sites_8\inference\threshold_0_6,C:\Bachelorproef\Github\nerficg\output\FasterGS\fastergs_lego_2026-04-11-10-34-51,121666.51,38.61,0.999,0.0033,234.9666666666667,46.063333333333276,1.1960419917718823,19.60419917718823,8.0,sites=8,True,1.6227272727272726
lego,SV,sv_s15_t0_01_temp5.npz,0.7,,15.0,264.73,C:\Bachelorproef\Github\nerficg\SG_test\npz_files\lego\SV\threshold_0_01\sites_15\inference\threshold_0_7,C:\Bachelorproef\Github\nerficg\output\FasterGS\fastergs_lego_2026-04-11-10-34-51,139503.98,44.27,0.999,0.005,234.9666666666667,29.76333333333332,1.1266704497091786,12.667044970917862,15.0,sites=15,True,1.4840909090909091
lego,SV,sv_s10_t0_01_temp5.npz,0.7,,10.0,287.78,C:\Bachelorproef\Github\nerficg\SG_test\npz_files\lego\SV\threshold_0_01\sites_10\inference\threshold_0_7,C:\Bachelorproef\Github\nerficg\output\FasterGS\fastergs_lego_2026-04-11-10-34-51,137477.68,43.62,0.998,0.0053,234.9666666666667,52.813333333333276,1.2247694708469283,22.47694708469283,10.0,sites=10,False,1.5909090909090908
lego,SV,sv_s8_t0_01_temp5.npz,0.7,,8.0,291.06,C:\Bachelorproef\Github\nerficg\SG_test\npz_files\lego\SV\threshold_0_01\sites_8\inference\threshold_0_7,C:\Bachelorproef\Github\nerficg\output\FasterGS\fastergs_lego_2026-04-11-10-34-51,135698.32,43.06,0.998,0.0055,234.9666666666667,56.093333333333305,1.238728897715988,23.872889771598803,8.0,sites=8,False,1.6045454545454547
lego,SV,sv_s15_t0_01_temp5.npz,0.8,,15.0,276.17,C:\Bachelorproef\Github\nerficg\SG_test\npz_files\lego\SV\threshold_0_01\sites_15\inference\threshold_0_8,C:\Bachelorproef\Github\nerficg\output\FasterGS\fastergs_lego_2026-04-11-10-34-51,156223.7,49.57,0.996,0.0095,234.9666666666667,41.20333333333332,1.1753582068378492,17.53582068378492,15.0,sites=15,False,1.475
lego,SV,sv_s10_t0_01_temp5.npz,0.8,,10.0,302.6,C:\Bachelorproef\Github\nerficg\SG_test\npz_files\lego\SV\threshold_0_01\sites_10\inference\threshold_0_8,C:\Bachelorproef\Github\nerficg\output\FasterGS\fastergs_lego_2026-04-11-10-34-51,155048.92,49.2,0.996,0.0101,234.9666666666667,67.63333333333333,1.287842247127252,28.78422471272519,10.0,sites=10,False,1.6522727272727273
lego,SV,sv_s8_t0_01_temp5.npz,0.8,,8.0,306.13,C:\Bachelorproef\Github\nerficg\SG_test\npz_files\lego\SV\threshold_0_01\sites_8\inference\threshold_0_8,C:\Bachelorproef\Github\nerficg\output\FasterGS\fastergs_lego_2026-04-11-10-34-51,154134.4,48.91,0.995,0.0108,234.9666666666667,71.1633333333333,1.3028656547027946,30.28656547027946,8.0,sites=8,False,1.6204545454545454
lego,SV,sv_s15_t0_01_temp5.npz,0.9,,15.0,302.32,C:\Bachelorproef\Github\nerficg\SG_test\npz_files\lego\SV\threshold_0_01\sites_15\inference\threshold_0_9,C:\Bachelorproef\Github\nerficg\output\FasterGS\fastergs_lego_2026-04-11-10-34-51,183025.23,58.07,0.985,0.0244,234.9666666666667,67.3533333333333,1.2866505887359907,28.66505887359907,15.0,sites=15,False,1.590909090909091
lego,SV,sv_s10_t0_01_temp5.npz,0.9,,10.0,334.19,C:\Bachelorproef\Github\nerficg\SG_test\npz_files\lego\SV\threshold_0_01\sites_10\inference\threshold_0_9,C:\Bachelorproef\Github\nerficg\output\FasterGS\fastergs_lego_2026-04-11-10-34-51,183516.52,58.23,0.983,0.0266,234.9666666666667,99.2233333333333,1.4222868491984677,42.22868491984677,10.0,sites=10,False,1.684090909090909
lego,SV,sv_s8_t0_01_temp5.npz,0.9,,8.0,342.12,C:\Bachelorproef\Github\nerficg\SG_test\npz_files\lego\SV\threshold_0_01\sites_8\inference\threshold_0_9,C:\Bachelorproef\Github\nerficg\output\FasterGS\fastergs_lego_2026-04-11-10-34-51,184248.39,58.46,0.982,0.0282,234.9666666666667,107.15333333333331,1.4560363172081145,45.60363172081146,8.0,sites=8,False,1.6818181818181819
mic,BASELINE,no_culling,0.0,,,373.7633333333333,C:\Bachelorproef\Github\nerficg\output\FasterGS\mic_2026-05-11-12-52-29\baseline_benchmark,C:\Bachelorproef\Github\nerficg\output\FasterGS\mic_2026-05-11-12-52-29,0.0,0.0,1.0,0.0,373.7633333333333,0.0,1.0,0.0,0.0,no culling,True,2.434090909090909
mic,SG,sg_l4_t0_01.npz,0.1,4.0,,443.51,C:\Bachelorproef\Github\nerficg\SG_test\npz_files\mic\SG\threshold_0_01\lobes_4\inference\threshold_0_1,C:\Bachelorproef\Github\nerficg\output\FasterGS\mic_2026-05-11-12-52-29,47016.97,26.66,1.0,0.0007,373.7633333333333,69.74666666666667,1.1866064978729856,18.660649787298556,4.0,lobes=4,True,2.6772727272727272
mic,SG,sg_l6_t0_01.npz,0.1,6.0,,443.06,C:\Bachelorproef\Github\nerficg\SG_test\npz_files\mic\SG\threshold_0_01\lobes_6\inference\threshold_0_1,C:\Bachelorproef\Github\nerficg\output\FasterGS\mic_2026-05-11-12-52-29,51399.14,29.14,1.0,0.0007,373.7633333333333,69.29666666666668,1.1854025274460667,18.54025274460667,6.0,lobes=6,True,2.7
mic,SG,sg_l10_t0_01.npz,0.1,10.0,,415.28,C:\Bachelorproef\Github\nerficg\SG_test\npz_files\mic\SG\threshold_0_01\lobes_10\inference\threshold_0_1,C:\Bachelorproef\Github\nerficg\output\FasterGS\mic_2026-05-11-12-52-29,55703.13,31.58,1.0,0.0007,373.7633333333333,41.51666666666665,1.1110774197576005,11.107741975760055,10.0,lobes=10,True,2.7181818181818183
mic,SG,sg_l4_t0_01.npz,0.2,4.0,,466.57,C:\Bachelorproef\Github\nerficg\SG_test\npz_files\mic\SG\threshold_0_01\lobes_4\inference\threshold_0_2,C:\Bachelorproef\Github\nerficg\output\FasterGS\mic_2026-05-11-12-52-29,59232.14,33.59,1.0,0.001,373.7633333333333,92.80666666666667,1.24830329352799,24.83032935279901,4.0,lobes=4,True,2.743181818181818
mic,SG,sg_l6_t0_01.npz,0.2,6.0,,461.98,C:\Bachelorproef\Github\nerficg\SG_test\npz_files\mic\SG\threshold_0_01\lobes_6\inference\threshold_0_2,C:\Bachelorproef\Github\nerficg\output\FasterGS\mic_2026-05-11-12-52-29,62758.22,35.58,1.0,0.001,373.7633333333333,88.2166666666667,1.2360227951734164,23.60227951734164,6.0,lobes=6,True,2.775
mic,SG,sg_l10_t0_01.npz,0.2,10.0,,434.38,C:\Bachelorproef\Github\nerficg\SG_test\npz_files\mic\SG\threshold_0_01\lobes_10\inference\threshold_0_2,C:\Bachelorproef\Github\nerficg\output\FasterGS\mic_2026-05-11-12-52-29,66446.77,37.68,1.0,0.001,373.7633333333333,60.616666666666674,1.162179275655718,16.21792756557181,10.0,lobes=10,True,2.7659090909090907
mic,SG,sg_l4_t0_01.npz,0.3,4.0,,480.35,C:\Bachelorproef\Github\nerficg\SG_test\npz_files\mic\SG\threshold_0_01\lobes_4\inference\threshold_0_3,C:\Bachelorproef\Github\nerficg\output\FasterGS\mic_2026-05-11-12-52-29,67206.1,38.11,1.0,0.0013,373.7633333333333,106.5866666666667,1.2851715434900874,28.517154349008745,4.0,lobes=4,True,2.7886363636363636
mic,SG,sg_l6_t0_01.npz,0.3,6.0,,478.95,C:\Bachelorproef\Github\nerficg\SG_test\npz_files\mic\SG\threshold_0_01\lobes_6\inference\threshold_0_3,C:\Bachelorproef\Github\nerficg\output\FasterGS\mic_2026-05-11-12-52-29,69863.76,39.61,1.0,0.0013,373.7633333333333,105.18666666666667,1.2814258577174504,28.142585771745043,6.0,lobes=6,True,2.815909090909091
mic,SG,sg_l10_t0_01.npz,0.3,10.0,,450.62,C:\Bachelorproef\Github\nerficg\SG_test\npz_files\mic\SG\threshold_0_01\lobes_10\inference\threshold_0_3,C:\Bachelorproef\Github\nerficg\output\FasterGS\mic_2026-05-11-12-52-29,72751.49,41.25,1.0,0.0013,373.7633333333333,76.85666666666668,1.2056292306183058,20.562923061830585,10.0,lobes=10,True,2.8022727272727272
mic,SG,sg_l4_t0_01.npz,0.4,4.0,,494.69,C:\Bachelorproef\Github\nerficg\SG_test\npz_files\mic\SG\threshold_0_01\lobes_4\inference\threshold_0_4,C:\Bachelorproef\Github\nerficg\output\FasterGS\mic_2026-05-11-12-52-29,73528.2,41.69,1.0,0.0015,373.7633333333333,120.92666666666668,1.3235380677612394,32.35380677612394,4.0,lobes=4,True,2.825
mic,SG,sg_l6_t0_01.npz,0.4,6.0,,493.63,C:\Bachelorproef\Github\nerficg\SG_test\npz_files\mic\SG\threshold_0_01\lobes_6\inference\threshold_0_4,C:\Bachelorproef\Github\nerficg\output\FasterGS\mic_2026-05-11-12-52-29,75339.12,42.72,1.0,0.0015,373.7633333333333,119.86666666666667,1.3207020485333856,32.07020485333856,6.0,lobes=6,True,2.852272727272727
mic,SG,sg_l10_t0_01.npz,0.4,10.0,,460.74,C:\Bachelorproef\Github\nerficg\SG_test\npz_files\mic\SG\threshold_0_01\lobes_10\inference\threshold_0_4,C:\Bachelorproef\Github\nerficg\output\FasterGS\mic_2026-05-11-12-52-29,77436.13,43.91,1.0,0.0015,373.7633333333333,86.97666666666669,1.2327051877747952,23.27051877747952,10.0,lobes=10,True,2.815909090909091
mic,SG,sg_l4_t0_01.npz,0.5,4.0,,510.23,C:\Bachelorproef\Github\nerficg\SG_test\npz_files\mic\SG\threshold_0_01\lobes_4\inference\threshold_0_5,C:\Bachelorproef\Github\nerficg\output\FasterGS\mic_2026-05-11-12-52-29,79053.57,44.82,1.0,0.0018,373.7633333333333,136.4666666666667,1.3651151798375087,36.51151798375088,4.0,lobes=4,True,2.881818181818182
mic,SG,sg_l6_t0_01.npz,0.5,6.0,,505.75,C:\Bachelorproef\Github\nerficg\SG_test\npz_files\mic\SG\threshold_0_01\lobes_6\inference\threshold_0_5,C:\Bachelorproef\Github\nerficg\output\FasterGS\mic_2026-05-11-12-52-29,80098.71,45.42,1.0,0.0018,373.7633333333333,131.98666666666668,1.3531289853650705,35.312898536507056,6.0,lobes=6,True,2.890909090909091
mic,SG,sg_l10_t0_01.npz,0.5,10.0,,469.74,C:\Bachelorproef\Github\nerficg\SG_test\npz_files\mic\SG\threshold_0_01\lobes_10\inference\threshold_0_5,C:\Bachelorproef\Github\nerficg\output\FasterGS\mic_2026-05-11-12-52-29,81473.54,46.2,1.0,0.0018,373.7633333333333,95.97666666666669,1.256784596313175,25.678459631317494,10.0,lobes=10,True,2.840909090909091
mic,SG,sg_l6_t0_01.npz,0.6,6.0,,514.37,C:\Bachelorproef\Github\nerficg\SG_test\npz_files\mic\SG\threshold_0_01\lobes_6\inference\threshold_0_6,C:\Bachelorproef\Github\nerficg\output\FasterGS\mic_2026-05-11-12-52-29,84734.82,48.05,1.0,0.0021,373.7633333333333,140.60666666666668,1.3761917077651633,37.61917077651633,6.0,lobes=6,True,2.881818181818182
mic,SG,sg_l10_t0_01.npz,0.6,10.0,,488.79,C:\Bachelorproef\Github\nerficg\SG_test\npz_files\mic\SG\threshold_0_01\lobes_10\inference\threshold_0_6,C:\Bachelorproef\Github\nerficg\output\FasterGS\mic_2026-05-11-12-52-29,85381.04,48.41,1.0,0.0021,373.7633333333333,115.0266666666667,1.3077526777194126,30.775267771941262,10.0,lobes=10,True,2.840909090909091
mic,SG,sg_l4_t0_01.npz,0.6,4.0,,525.27,C:\Bachelorproef\Github\nerficg\SG_test\npz_files\mic\SG\threshold_0_01\lobes_4\inference\threshold_0_6,C:\Bachelorproef\Github\nerficg\output\FasterGS\mic_2026-05-11-12-52-29,84373.03,47.84,1.0,0.0022,373.7633333333333,151.50666666666666,1.405354546994979,40.535454699497905,4.0,lobes=4,True,2.8659090909090907
mic,SG,sg_l10_t0_01.npz,0.7,10.0,,498.77,C:\Bachelorproef\Github\nerficg\SG_test\npz_files\mic\SG\threshold_0_01\lobes_10\inference\threshold_0_7,C:\Bachelorproef\Github\nerficg\output\FasterGS\mic_2026-05-11-12-52-29,89542.12,50.77,1.0,0.0025,373.7633333333333,125.00666666666666,1.3344540662986382,33.44540662986382,10.0,lobes=10,True,2.8704545454545456
mic,SG,sg_l6_t0_01.npz,0.7,6.0,,532.23,C:\Bachelorproef\Github\nerficg\SG_test\npz_files\mic\SG\threshold_0_01\lobes_6\inference\threshold_0_7,C:\Bachelorproef\Github\nerficg\output\FasterGS\mic_2026-05-11-12-52-29,89722.35,50.87,1.0,0.0026,373.7633333333333,158.4666666666667,1.4239759562646594,42.39759562646594,6.0,lobes=6,True,2.911363636363636
mic,SG,sg_l4_t0_01.npz,0.7,4.0,,542.55,C:\Bachelorproef\Github\nerficg\SG_test\npz_files\mic\SG\threshold_0_01\lobes_4\inference\threshold_0_7,C:\Bachelorproef\Github\nerficg\output\FasterGS\mic_2026-05-11-12-52-29,90100.86,51.09,0.999,0.0028,373.7633333333333,168.78666666666663,1.4515870113886684,45.15870113886684,4.0,lobes=4,True,2.5318181818181813
mic,SG,sg_l10_t0_01.npz,0.8,10.0,,513.23,C:\Bachelorproef\Github\nerficg\SG_test\npz_files\mic\SG\threshold_0_01\lobes_10\inference\threshold_0_8,C:\Bachelorproef\Github\nerficg\output\FasterGS\mic_2026-05-11-12-52-29,94629.51,53.66,0.999,0.0033,373.7633333333333,139.4666666666667,1.373141649350302,37.31416493503019,10.0,lobes=10,True,2.4636363636363634
mic,SG,sg_l6_t0_01.npz,0.8,6.0,,553.07,C:\Bachelorproef\Github\nerficg\SG_test\npz_files\mic\SG\threshold_0_01\lobes_6\inference\threshold_0_8,C:\Bachelorproef\Github\nerficg\output\FasterGS\mic_2026-05-11-12-52-29,95821.15,54.33,0.999,0.0037,373.7633333333333,179.30666666666673,1.4797331644801972,47.97331644801972,6.0,lobes=6,True,2.475
mic,SG,sg_l4_t0_01.npz,0.8,4.0,,564.2,C:\Bachelorproef\Github\nerficg\SG_test\npz_files\mic\SG\threshold_0_01\lobes_4\inference\threshold_0_8,C:\Bachelorproef\Github\nerficg\output\FasterGS\mic_2026-05-11-12-52-29,97104.75,55.06,0.999,0.0042,373.7633333333333,190.43666666666672,1.5095113663726603,50.951136637266025,4.0,lobes=4,True,2.475
mic,SG,sg_l10_t0_01.npz,0.9,10.0,,543.49,C:\Bachelorproef\Github\nerficg\SG_test\npz_files\mic\SG\threshold_0_01\lobes_10\inference\threshold_0_9,C:\Bachelorproef\Github\nerficg\output\FasterGS\mic_2026-05-11-12-52-29,102480.49,58.11,0.997,0.0053,373.7633333333333,169.7266666666667,1.4541019718360104,45.41019718360104,10.0,lobes=10,False,2.3318181818181816
mic,SG,sg_l6_t0_01.npz,0.9,6.0,,587.63,C:\Bachelorproef\Github\nerficg\SG_test\npz_files\mic\SG\threshold_0_01\lobes_6\inference\threshold_0_9,C:\Bachelorproef\Github\nerficg\output\FasterGS\mic_2026-05-11-12-52-29,105198.85,59.65,0.996,0.0065,373.7633333333333,213.86666666666667,1.5721980932675759,57.219809326757584,6.0,lobes=6,False,2.2886363636363636
mic,SG,sg_l4_t0_01.npz,0.9,4.0,,610.65,C:\Bachelorproef\Github\nerficg\SG_test\npz_files\mic\SG\threshold_0_01\lobes_4\inference\threshold_0_9,C:\Bachelorproef\Github\nerficg\output\FasterGS\mic_2026-05-11-12-52-29,107626.66,61.03,0.995,0.0078,373.7633333333333,236.88666666666666,1.6337878693290764,63.37878693290764,4.0,lobes=4,False,2.2613636363636367
mic,SV,sv_s8_t0_01_temp5.npz,0.1,,8.0,422.6,C:\Bachelorproef\Github\nerficg\SG_test\npz_files\mic\SV\threshold_0_01\sites_8\inference\threshold_0_1,C:\Bachelorproef\Github\nerficg\output\FasterGS\mic_2026-05-11-12-52-29,40637.11,23.04,1.0,0.0005,373.7633333333333,48.8366666666667,1.1306620053688163,13.066200536881635,8.0,sites=8,True,2.6386363636363637
mic,SV,sv_s10_t0_01_temp5.npz,0.1,,10.0,415.39,C:\Bachelorproef\Github\nerficg\SG_test\npz_files\mic\SV\threshold_0_01\sites_10\inference\threshold_0_1,C:\Bachelorproef\Github\nerficg\output\FasterGS\mic_2026-05-11-12-52-29,42071.19,23.85,1.0,0.0005,373.7633333333333,41.626666666666665,1.1113717236397365,11.137172363973647,10.0,sites=10,True,2.6522727272727273
mic,SV,sv_s15_t0_01_temp5.npz,0.1,,15.0,388.87,C:\Bachelorproef\Github\nerficg\SG_test\npz_files\mic\SV\threshold_0_01\sites_15\inference\threshold_0_1,C:\Bachelorproef\Github\nerficg\output\FasterGS\mic_2026-05-11-12-52-29,43770.81,24.82,1.0,0.0005,373.7633333333333,15.106666666666683,1.0404177331466435,4.041773314664354,15.0,sites=15,True,2.647727272727273
mic,SV,sv_s8_t0_01_temp5.npz,0.2,,8.0,440.21,C:\Bachelorproef\Github\nerficg\SG_test\npz_files\mic\SV\threshold_0_01\sites_8\inference\threshold_0_2,C:\Bachelorproef\Github\nerficg\output\FasterGS\mic_2026-05-11-12-52-29,51105.99,28.98,1.0,0.0007,373.7633333333333,66.44666666666666,1.177777381408913,17.777738140891298,8.0,sites=8,True,2.690909090909091
mic,SV,sv_s10_t0_01_temp5.npz,0.2,,10.0,432.86,C:\Bachelorproef\Github\nerficg\SG_test\npz_files\mic\SV\threshold_0_01\sites_10\inference\threshold_0_2,C:\Bachelorproef\Github\nerficg\output\FasterGS\mic_2026-05-11-12-52-29,52582.18,29.81,1.0,0.0007,373.7633333333333,59.09666666666669,1.1581125311025695,15.811253110256951,10.0,sites=10,True,2.6954545454545453
mic,SV,sv_s15_t0_01_temp5.npz,0.2,,15.0,407.11,C:\Bachelorproef\Github\nerficg\SG_test\npz_files\mic\SV\threshold_0_01\sites_15\inference\threshold_0_2,C:\Bachelorproef\Github\nerficg\output\FasterGS\mic_2026-05-11-12-52-29,54400.6,30.85,1.0,0.0007,373.7633333333333,33.34666666666669,1.0892186677844269,8.921866778442688,15.0,sites=15,True,2.690909090909091
mic,SV,sv_s8_t0_01_temp5.npz,0.3,,8.0,453.19,C:\Bachelorproef\Github\nerficg\SG_test\npz_files\mic\SV\threshold_0_01\sites_8\inference\threshold_0_3,C:\Bachelorproef\Github\nerficg\output\FasterGS\mic_2026-05-11-12-52-29,57954.54,32.86,1.0,0.0009,373.7633333333333,79.42666666666668,1.212505239500932,21.250523950093193,8.0,sites=8,True,2.7295454545454545
mic,SV,sv_s10_t0_01_temp5.npz,0.3,,10.0,445.73,C:\Bachelorproef\Github\nerficg\SG_test\npz_files\mic\SV\threshold_0_01\sites_10\inference\threshold_0_3,C:\Bachelorproef\Github\nerficg\output\FasterGS\mic_2026-05-11-12-52-29,59360.18,33.66,1.0,0.0009,373.7633333333333,71.9666666666667,1.1925460853124528,19.254608531245275,10.0,sites=10,True,2.747727272727273
mic,SV,sv_s15_t0_01_temp5.npz,0.3,,15.0,415.19,C:\Bachelorproef\Github\nerficg\SG_test\npz_files\mic\SV\threshold_0_01\sites_15\inference\threshold_0_3,C:\Bachelorproef\Github\nerficg\output\FasterGS\mic_2026-05-11-12-52-29,61141.5,34.67,1.0,0.001,373.7633333333333,41.42666666666668,1.1108366256722169,11.083662567221687,15.0,sites=15,True,2.675
mic,SV,sv_s8_t0_01_temp5.npz,0.4,,8.0,463.48,C:\Bachelorproef\Github\nerficg\SG_test\npz_files\mic\SV\threshold_0_01\sites_8\inference\threshold_0_4,C:\Bachelorproef\Github\nerficg\output\FasterGS\mic_2026-05-11-12-52-29,63562.89,36.04,1.0,0.0011,373.7633333333333,89.7166666666667,1.240036029929813,24.0036029929813,8.0,sites=8,True,2.75
mic,SV,sv_s10_t0_01_temp5.npz,0.4,,10.0,455.73,C:\Bachelorproef\Github\nerficg\SG_test\npz_files\mic\SV\threshold_0_01\sites_10\inference\threshold_0_4,C:\Bachelorproef\Github\nerficg\output\FasterGS\mic_2026-05-11-12-52-29,64878.07,36.79,1.0,0.0012,373.7633333333333,81.9666666666667,1.2193009836884303,21.930098368843034,10.0,sites=10,True,2.7318181818181815
mic,SV,sv_s15_t0_01_temp5.npz,0.4,,15.0,424.5,C:\Bachelorproef\Github\nerficg\SG_test\npz_files\mic\SV\threshold_0_01\sites_15\inference\threshold_0_4,C:\Bachelorproef\Github\nerficg\output\FasterGS\mic_2026-05-11-12-52-29,66529.57,37.72,1.0,0.0012,373.7633333333333,50.73666666666668,1.1357454360602521,13.574543606025212,15.0,sites=15,True,2.706818181818182
mic,SV,sv_s8_t0_01_temp5.npz,0.5,,8.0,474.62,C:\Bachelorproef\Github\nerficg\SG_test\npz_files\mic\SV\threshold_0_01\sites_8\inference\threshold_0_5,C:\Bachelorproef\Github\nerficg\output\FasterGS\mic_2026-05-11-12-52-29,68743.48,38.98,1.0,0.0014,373.7633333333333,100.85666666666668,1.2698409867206522,26.984098672065215,8.0,sites=8,True,2.7590909090909093
mic,SV,sv_s10_t0_01_temp5.npz,0.5,,10.0,468.75,C:\Bachelorproef\Github\nerficg\SG_test\npz_files\mic\SV\threshold_0_01\sites_10\inference\threshold_0_5,C:\Bachelorproef\Github\nerficg\output\FasterGS\mic_2026-05-11-12-52-29,69913.5,39.64,1.0,0.0014,373.7633333333333,94.98666666666668,1.2541358613739533,25.413586137395328,10.0,sites=10,True,2.7636363636363637
mic,SV,sv_s15_t0_01_temp5.npz,0.5,,15.0,434.99,C:\Bachelorproef\Github\nerficg\SG_test\npz_files\mic\SV\threshold_0_01\sites_15\inference\threshold_0_5,C:\Bachelorproef\Github\nerficg\output\FasterGS\mic_2026-05-11-12-52-29,71384.77,40.48,1.0,0.0014,373.7633333333333,61.22666666666669,1.1638113244566526,16.38113244566526,15.0,sites=15,True,2.7227272727272727
mic,SV,sv_s8_t0_01_temp5.npz,0.6,,8.0,487.48,C:\Bachelorproef\Github\nerficg\SG_test\npz_files\mic\SV\threshold_0_01\sites_8\inference\threshold_0_6,C:\Bachelorproef\Github\nerficg\output\FasterGS\mic_2026-05-11-12-52-29,73993.52,41.96,1.0,0.0017,373.7633333333333,113.7166666666667,1.3042477860321595,30.42477860321595,8.0,sites=8,True,2.7886363636363636
mic,SV,sv_s10_t0_01_temp5.npz,0.6,,10.0,482.41,C:\Bachelorproef\Github\nerficg\SG_test\npz_files\mic\SV\threshold_0_01\sites_10\inference\threshold_0_6,C:\Bachelorproef\Github\nerficg\output\FasterGS\mic_2026-05-11-12-52-29,75010.35,42.53,1.0,0.0017,373.7633333333333,108.6466666666667,1.2906830525555388,29.068305255553884,10.0,sites=10,True,2.797727272727273
mic,SV,sv_s15_t0_01_temp5.npz,0.6,,15.0,445.67,C:\Bachelorproef\Github\nerficg\SG_test\npz_files\mic\SV\threshold_0_01\sites_15\inference\threshold_0_6,C:\Bachelorproef\Github\nerficg\output\FasterGS\mic_2026-05-11-12-52-29,76226.73,43.22,1.0,0.0017,373.7633333333333,71.9066666666667,1.1923855559221967,19.238555592219676,15.0,sites=15,True,2.743181818181818
mic,SV,sv_s15_t0_01_temp5.npz,0.7,,15.0,459.3,C:\Bachelorproef\Github\nerficg\SG_test\npz_files\mic\SV\threshold_0_01\sites_15\inference\threshold_0_7,C:\Bachelorproef\Github\nerficg\output\FasterGS\mic_2026-05-11-12-52-29,81587.18,46.26,1.0,0.0021,373.7633333333333,85.53666666666669,1.2288524824086544,22.88524824086544,15.0,sites=15,True,2.7454545454545456
mic,SV,sv_s8_t0_01_temp5.npz,0.7,,8.0,503.04,C:\Bachelorproef\Github\nerficg\SG_test\npz_files\mic\SV\threshold_0_01\sites_8\inference\threshold_0_7,C:\Bachelorproef\Github\nerficg\output\FasterGS\mic_2026-05-11-12-52-29,79916.07,45.31,1.0,0.0022,373.7633333333333,129.2766666666667,1.3458784079051807,34.587840790518065,8.0,sites=8,True,2.7795454545454543
mic,SV,sv_s15_t0_01_temp5.npz,0.8,,15.0,471.64,C:\Bachelorproef\Github\nerficg\SG_test\npz_files\mic\SV\threshold_0_01\sites_15\inference\threshold_0_8,C:\Bachelorproef\Github\nerficg\output\FasterGS\mic_2026-05-11-12-52-29,88311.7,50.07,1.0,0.0029,373.7633333333333,97.87666666666667,1.2618680270046108,26.186802700461076,15.0,sites=15,True,2.768181818181818
mic,SV,sv_s10_t0_01_temp5.npz,0.8,,10.0,511.46,C:\Bachelorproef\Github\nerficg\SG_test\npz_files\mic\SV\threshold_0_01\sites_10\inference\threshold_0_8,C:\Bachelorproef\Github\nerficg\output\FasterGS\mic_2026-05-11-12-52-29,87850.65,49.81,0.999,0.0031,373.7633333333333,137.69666666666666,1.3684060323377538,36.84060323377538,10.0,sites=10,True,2.4363636363636365
mic,SV,sv_s8_t0_01_temp5.npz,0.8,,8.0,521.68,C:\Bachelorproef\Github\nerficg\SG_test\npz_files\mic\SV\threshold_0_01\sites_8\inference\threshold_0_8,C:\Bachelorproef\Github\nerficg\output\FasterGS\mic_2026-05-11-12-52-29,87456.88,49.59,0.999,0.0032,373.7633333333333,147.91666666666663,1.395749538478003,39.5749538478003,8.0,sites=8,True,2.431818181818182
mic,SV,sv_s15_t0_01_temp5.npz,0.9,,15.0,503.69,C:\Bachelorproef\Github\nerficg\SG_test\npz_files\mic\SV\threshold_0_01\sites_15\inference\threshold_0_9,C:\Bachelorproef\Github\nerficg\output\FasterGS\mic_2026-05-11-12-52-29,99467.73,56.4,0.998,0.0052,373.7633333333333,129.92666666666668,1.3476174762996191,34.76174762996192,15.0,sites=15,False,2.3181818181818183
mic,SV,sv_s10_t0_01_temp5.npz,0.9,,10.0,550.46,C:\Bachelorproef\Github\nerficg\SG_test\npz_files\mic\SV\threshold_0_01\sites_10\inference\threshold_0_9,C:\Bachelorproef\Github\nerficg\output\FasterGS\mic_2026-05-11-12-52-29,99824.77,56.6,0.998,0.0056,373.7633333333333,176.69666666666672,1.472750136004067,47.27501360040669,10.0,sites=10,False,2.35
mic,SV,sv_s8_t0_01_temp5.npz,0.9,,8.0,559.0,C:\Bachelorproef\Github\nerficg\SG_test\npz_files\mic\SV\threshold_0_01\sites_8\inference\threshold_0_9,C:\Bachelorproef\Github\nerficg\output\FasterGS\mic_2026-05-11-12-52-29,100160.09,56.79,0.998,0.006,373.7633333333333,185.23666666666668,1.4955988192171517,49.55988192171517,8.0,sites=8,False,2.3431818181818183
ship,BASELINE,no_culling,0.0,,,260.97333333333336,C:\Bachelorproef\Github\nerficg\output\FasterGS\ship_2026-05-08-15-56-34\baseline_benchmark,C:\Bachelorproef\Github\nerficg\output\FasterGS\ship_2026-05-08-15-56-34,0.0,0.0,1.0,0.0,260.97333333333336,0.0,1.0,0.0,0.0,no culling,True,1.8704545454545456
ship,SG,sg_l4_t0_01.npz,0.1,4.0,,267.06,C:\Bachelorproef\Github\nerficg\SG_test\npz_files\ship\SG\threshold_0_01\lobes_4\inference\threshold_0_1,C:\Bachelorproef\Github\nerficg\output\FasterGS\ship_2026-05-08-15-56-34,20154.22,8.47,1.0,0.0004,260.97333333333336,6.086666666666645,1.0233229448730392,2.332294487303921,4.0,lobes=4,True,1.9545454545454546
ship,SG,sg_l6_t0_01.npz,0.1,6.0,,263.88,C:\Bachelorproef\Github\nerficg\SG_test\npz_files\ship\SG\threshold_0_01\lobes_6\inference\threshold_0_1,C:\Bachelorproef\Github\nerficg\output\FasterGS\ship_2026-05-08-15-56-34,22916.69,9.63,1.0,0.0005,260.97333333333336,2.906666666666638,1.0111377918561282,1.1137791856128176,6.0,lobes=6,True,1.893181818181818
ship,SG,sg_l10_t0_01.npz,0.1,10.0,,252.8,C:\Bachelorproef\Github\nerficg\SG_test\npz_files\ship\SG\threshold_0_01\lobes_10\inference\threshold_0_1,C:\Bachelorproef\Github\nerficg\output\FasterGS\ship_2026-05-08-15-56-34,24895.71,10.46,1.0,0.0005,260.97333333333336,-8.173333333333346,0.9686813467531804,-3.1318653246819594,10.0,lobes=10,True,1.7886363636363636
ship,SG,sg_l4_t0_01.npz,0.2,4.0,,270.42,C:\Bachelorproef\Github\nerficg\SG_test\npz_files\ship\SG\threshold_0_01\lobes_4\inference\threshold_0_2,C:\Bachelorproef\Github\nerficg\output\FasterGS\ship_2026-05-08-15-56-34,26837.09,11.28,1.0,0.0006,260.97333333333336,9.446666666666658,1.036197823532417,3.619782353241696,4.0,lobes=4,True,1.9636363636363638
ship,SG,sg_l6_t0_01.npz,0.2,6.0,,267.34,C:\Bachelorproef\Github\nerficg\SG_test\npz_files\ship\SG\threshold_0_01\lobes_6\inference\threshold_0_2,C:\Bachelorproef\Github\nerficg\output\FasterGS\ship_2026-05-08-15-56-34,29329.23,12.33,1.0,0.0007,260.97333333333336,6.366666666666617,1.0243958514279874,2.439585142798739,6.0,lobes=6,True,1.9136363636363636
ship,SG,sg_l10_t0_01.npz,0.2,10.0,,255.52,C:\Bachelorproef\Github\nerficg\SG_test\npz_files\ship\SG\threshold_0_01\lobes_10\inference\threshold_0_2,C:\Bachelorproef\Github\nerficg\output\FasterGS\ship_2026-05-08-15-56-34,31602.49,13.28,1.0,0.0007,260.97333333333336,-5.453333333333347,0.9791038675726766,-2.0896132427323355,10.0,lobes=10,True,1.790909090909091
ship,SG,sg_l4_t0_01.npz,0.3,4.0,,273.44,C:\Bachelorproef\Github\nerficg\SG_test\npz_files\ship\SG\threshold_0_01\lobes_4\inference\threshold_0_3,C:\Bachelorproef\Github\nerficg\output\FasterGS\ship_2026-05-08-15-56-34,31827.2,13.38,1.0,0.0008,260.97333333333336,12.46666666666664,1.0477698870893577,4.77698870893577,4.0,lobes=4,True,1.9704545454545455
ship,SG,sg_l6_t0_01.npz,0.3,6.0,,269.85,C:\Bachelorproef\Github\nerficg\SG_test\npz_files\ship\SG\threshold_0_01\lobes_6\inference\threshold_0_3,C:\Bachelorproef\Github\nerficg\output\FasterGS\ship_2026-05-08-15-56-34,34341.27,14.43,1.0,0.0008,260.97333333333336,8.876666666666665,1.0340136923312726,3.4013692331272605,6.0,lobes=6,True,1.9295454545454545
ship,SG,sg_l10_t0_01.npz,0.3,10.0,,257.99,C:\Bachelorproef\Github\nerficg\SG_test\npz_files\ship\SG\threshold_0_01\lobes_10\inference\threshold_0_3,C:\Bachelorproef\Github\nerficg\output\FasterGS\ship_2026-05-08-15-56-34,36806.82,15.47,1.0,0.0009,260.97333333333336,-2.9833333333333485,0.9885684361109691,-1.1431563889030882,10.0,lobes=10,True,1.7704545454545455
ship,SG,sg_l4_t0_01.npz,0.4,4.0,,275.43,C:\Bachelorproef\Github\nerficg\SG_test\npz_files\ship\SG\threshold_0_01\lobes_4\inference\threshold_0_4,C:\Bachelorproef\Github\nerficg\output\FasterGS\ship_2026-05-08-15-56-34,36673.88,15.41,1.0,0.001,260.97333333333336,14.45666666666665,1.0553951872477392,5.5395187247739175,4.0,lobes=4,True,1.9568181818181818
ship,SG,sg_l6_t0_01.npz,0.4,6.0,,272.27,C:\Bachelorproef\Github\nerficg\SG_test\npz_files\ship\SG\threshold_0_01\lobes_6\inference\threshold_0_4,C:\Bachelorproef\Github\nerficg\output\FasterGS\ship_2026-05-08-15-56-34,39234.21,16.49,1.0,0.001,260.97333333333336,11.296666666666624,1.0432866704133243,4.328667041332435,6.0,lobes=6,True,1.934090909090909
ship,SG,sg_l10_t0_01.npz,0.4,10.0,,260.59,C:\Bachelorproef\Github\nerficg\SG_test\npz_files\ship\SG\threshold_0_01\lobes_10\inference\threshold_0_4,C:\Bachelorproef\Github\nerficg\output\FasterGS\ship_2026-05-08-15-56-34,41740.6,17.54,1.0,0.001,260.97333333333336,-0.3833333333333826,0.9985311398354875,-0.1468860164512531,10.0,lobes=10,True,1.7840909090909092
ship,SG,sg_l4_t0_01.npz,0.5,4.0,,278.44,C:\Bachelorproef\Github\nerficg\SG_test\npz_files\ship\SG\threshold_0_01\lobes_4\inference\threshold_0_5,C:\Bachelorproef\Github\nerficg\output\FasterGS\ship_2026-05-08-15-56-34,42096.04,17.69,1.0,0.0013,260.97333333333336,17.46666666666664,1.0669289327134317,6.69289327134317,4.0,lobes=4,True,1.9431818181818183
ship,SG,sg_l6_t0_01.npz,0.5,6.0,,275.16,C:\Bachelorproef\Github\nerficg\SG_test\npz_files\ship\SG\threshold_0_01\lobes_6\inference\threshold_0_5,C:\Bachelorproef\Github\nerficg\output\FasterGS\ship_2026-05-08-15-56-34,44579.75,18.74,1.0,0.0013,260.97333333333336,14.186666666666667,1.0543605987840392,5.4360598784039205,6.0,lobes=6,True,1.9068181818181817
ship,SG,sg_l10_t0_01.npz,0.5,10.0,,263.31,C:\Bachelorproef\Github\nerficg\SG_test\npz_files\ship\SG\threshold_0_01\lobes_10\inference\threshold_0_5,C:\Bachelorproef\Github\nerficg\output\FasterGS\ship_2026-05-08-15-56-34,47020.32,19.76,1.0,0.0013,260.97333333333336,2.3366666666666447,1.0089536606549838,0.8953660654983819,10.0,lobes=10,True,1.768181818181818
ship,SG,sg_l4_t0_01.npz,0.6,4.0,,282.59,C:\Bachelorproef\Github\nerficg\SG_test\npz_files\ship\SG\threshold_0_01\lobes_4\inference\threshold_0_6,C:\Bachelorproef\Github\nerficg\output\FasterGS\ship_2026-05-08-15-56-34,48860.58,20.54,1.0,0.0018,260.97333333333336,21.616666666666617,1.082830940581413,8.283094058141295,4.0,lobes=4,True,1.8954545454545455
ship,SG,sg_l6_t0_01.npz,0.6,6.0,,279.19,C:\Bachelorproef\Github\nerficg\SG_test\npz_files\ship\SG\threshold_0_01\lobes_6\inference\threshold_0_6,C:\Bachelorproef\Github\nerficg\output\FasterGS\ship_2026-05-08-15-56-34,51101.71,21.48,1.0,0.0018,260.97333333333336,18.21666666666664,1.0698027895570428,6.980278955704278,6.0,lobes=6,True,1.8727272727272726
ship,SG,sg_l10_t0_01.npz,0.6,10.0,,266.61,C:\Bachelorproef\Github\nerficg\SG_test\npz_files\ship\SG\threshold_0_01\lobes_10\inference\threshold_0_6,C:\Bachelorproef\Github\nerficg\output\FasterGS\ship_2026-05-08-15-56-34,53193.91,22.36,1.0,0.0018,260.97333333333336,5.636666666666656,1.0215986307668727,2.159863076687274,10.0,lobes=10,True,1.709090909090909
ship,SG,sg_l10_t0_01.npz,0.7,10.0,,272.16,C:\Bachelorproef\Github\nerficg\SG_test\npz_files\ship\SG\threshold_0_01\lobes_10\inference\threshold_0_7,C:\Bachelorproef\Github\nerficg\output\FasterGS\ship_2026-05-08-15-56-34,60825.5,25.56,0.999,0.0029,260.97333333333336,11.186666666666667,1.042865171409595,4.286517140959489,10.0,lobes=10,True,1.3181818181818183
ship,SG,sg_l6_t0_01.npz,0.7,6.0,,284.19,C:\Bachelorproef\Github\nerficg\SG_test\npz_files\ship\SG\threshold_0_01\lobes_6\inference\threshold_0_7,C:\Bachelorproef\Github\nerficg\output\FasterGS\ship_2026-05-08-15-56-34,59657.67,25.07,0.999,0.003,260.97333333333336,23.21666666666664,1.0889618351811168,8.896183518111677,6.0,lobes=6,True,1.4227272727272726
ship,SG,sg_l4_t0_01.npz,0.7,4.0,,288.35,C:\Bachelorproef\Github\nerficg\SG_test\npz_files\ship\SG\threshold_0_01\lobes_4\inference\threshold_0_7,C:\Bachelorproef\Github\nerficg\output\FasterGS\ship_2026-05-08-15-56-34,58367.21,24.53,0.999,0.0032,260.97333333333336,27.376666666666665,1.1049021611403465,10.490216114034645,4.0,lobes=4,True,1.4113636363636362
ship,SG,sg_l10_t0_01.npz,0.8,10.0,,279.89,C:\Bachelorproef\Github\nerficg\SG_test\npz_files\ship\SG\threshold_0_01\lobes_10\inference\threshold_0_8,C:\Bachelorproef\Github\nerficg\output\FasterGS\ship_2026-05-08-15-56-34,71305.38,29.97,0.997,0.0061,260.97333333333336,18.91666666666663,1.072485055944413,7.248505594441301,10.0,lobes=10,False,1.1454545454545455
ship,SG,sg_l6_t0_01.npz,0.8,6.0,,293.93,C:\Bachelorproef\Github\nerficg\SG_test\npz_files\ship\SG\threshold_0_01\lobes_6\inference\threshold_0_8,C:\Bachelorproef\Github\nerficg\output\FasterGS\ship_2026-05-08-15-56-34,72020.15,30.27,0.996,0.0068,260.97333333333336,32.95666666666665,1.1262836560568128,12.62836560568128,6.0,lobes=6,False,1.2022727272727274
ship,SG,sg_l4_t0_01.npz,0.8,4.0,,299.41,C:\Bachelorproef\Github\nerficg\SG_test\npz_files\ship\SG\threshold_0_01\lobes_4\inference\threshold_0_8,C:\Bachelorproef\Github\nerficg\output\FasterGS\ship_2026-05-08-15-56-34,73228.08,30.78,0.995,0.0077,260.97333333333336,38.43666666666667,1.1472819700607981,14.728197006079814,4.0,lobes=4,False,1.2022727272727272
ship,SG,sg_l10_t0_01.npz,0.9,10.0,,296.98,C:\Bachelorproef\Github\nerficg\SG_test\npz_files\ship\SG\threshold_0_01\lobes_10\inference\threshold_0_9,C:\Bachelorproef\Github\nerficg\output\FasterGS\ship_2026-05-08-15-56-34,88838.26,37.34,0.987,0.0168,260.97333333333336,36.00666666666666,1.137970673887498,13.797067388749795,10.0,lobes=10,False,1.1772727272727272
ship,SG,sg_l6_t0_01.npz,0.9,6.0,,316.13,C:\Bachelorproef\Github\nerficg\SG_test\npz_files\ship\SG\threshold_0_01\lobes_6\inference\threshold_0_9,C:\Bachelorproef\Github\nerficg\output\FasterGS\ship_2026-05-08-15-56-34,93123.56,39.14,0.983,0.0209,260.97333333333336,55.15666666666664,1.2113498186277012,21.13498186277012,6.0,lobes=6,False,1.2840909090909092
ship,SG,sg_l4_t0_01.npz,0.9,4.0,,327.89,C:\Bachelorproef\Github\nerficg\SG_test\npz_files\ship\SG\threshold_0_01\lobes_4\inference\threshold_0_9,C:\Bachelorproef\Github\nerficg\output\FasterGS\ship_2026-05-08-15-56-34,99928.93,42.0,0.977,0.0259,260.97333333333336,66.91666666666663,1.2564118939355233,25.64118939355233,4.0,lobes=4,False,1.3295454545454546
ship,SV,sv_s8_t0_01_temp5.npz,0.1,,8.0,261.64,C:\Bachelorproef\Github\nerficg\SG_test\npz_files\ship\SV\threshold_0_01\sites_8\inference\threshold_0_1,C:\Bachelorproef\Github\nerficg\output\FasterGS\ship_2026-05-08-15-56-34,17783.49,7.47,1.0,0.0003,260.97333333333336,0.6666666666666288,1.0025545394165432,0.25545394165431556,8.0,sites=8,True,1.8772727272727274
ship,SV,sv_s10_t0_01_temp5.npz,0.1,,10.0,256.82,C:\Bachelorproef\Github\nerficg\SG_test\npz_files\ship\SV\threshold_0_01\sites_10\inference\threshold_0_1,C:\Bachelorproef\Github\nerficg\output\FasterGS\ship_2026-05-08-15-56-34,18171.93,7.64,1.0,0.0003,260.97333333333336,-4.153333333333364,0.9840852194349358,-1.5914780565064235,10.0,sites=10,True,1.8363636363636364
ship,SV,sv_s15_t0_01_temp5.npz,0.1,,15.0,242.13,C:\Bachelorproef\Github\nerficg\SG_test\npz_files\ship\SV\threshold_0_01\sites_15\inference\threshold_0_1,C:\Bachelorproef\Github\nerficg\output\FasterGS\ship_2026-05-08-15-56-34,19395.1,8.15,1.0,0.0004,260.97333333333336,-18.843333333333362,0.9277959433914065,-7.2204056608593525,15.0,sites=15,True,1.7272727272727273
ship,SV,sv_s8_t0_01_temp5.npz,0.2,,8.0,263.68,C:\Bachelorproef\Github\nerficg\SG_test\npz_files\ship\SV\threshold_0_01\sites_8\inference\threshold_0_2,C:\Bachelorproef\Github\nerficg\output\FasterGS\ship_2026-05-08-15-56-34,22836.74,9.6,1.0,0.0005,260.97333333333336,2.7066666666666492,1.0103714300311653,1.0371430031165252,8.0,sites=8,True,1.8795454545454546
ship,SV,sv_s10_t0_01_temp5.npz,0.2,,10.0,259.39,C:\Bachelorproef\Github\nerficg\SG_test\npz_files\ship\SV\threshold_0_01\sites_10\inference\threshold_0_2,C:\Bachelorproef\Github\nerficg\output\FasterGS\ship_2026-05-08-15-56-34,23343.2,9.81,1.0,0.0005,260.97333333333336,-1.5833333333333712,0.9939329688857098,-0.6067031114290189,10.0,sites=10,True,1.8386363636363638
ship,SV,sv_s15_t0_01_temp5.npz,0.2,,15.0,243.51,C:\Bachelorproef\Github\nerficg\SG_test\npz_files\ship\SV\threshold_0_01\sites_15\inference\threshold_0_2,C:\Bachelorproef\Github\nerficg\output\FasterGS\ship_2026-05-08-15-56-34,24639.75,10.36,1.0,0.0005,260.97333333333336,-17.463333333333367,0.9330838399836509,-6.691616001634914,15.0,sites=15,True,1.7295454545454545
ship,SV,sv_s8_t0_01_temp5.npz,0.3,,8.0,265.45,C:\Bachelorproef\Github\nerficg\SG_test\npz_files\ship\SV\threshold_0_01\sites_8\inference\threshold_0_3,C:\Bachelorproef\Github\nerficg\output\FasterGS\ship_2026-05-08-15-56-34,26683.61,11.21,1.0,0.0006,260.97333333333336,4.476666666666631,1.0171537321820874,1.7153732182087378,8.0,sites=8,True,1.9
ship,SV,sv_s10_t0_01_temp5.npz,0.3,,10.0,260.99,C:\Bachelorproef\Github\nerficg\SG_test\npz_files\ship\SV\threshold_0_01\sites_10\inference\threshold_0_3,C:\Bachelorproef\Github\nerficg\output\FasterGS\ship_2026-05-08-15-56-34,27235.19,11.45,1.0,0.0006,260.97333333333336,0.01666666666665151,1.0000638634854135,0.006386348541354003,10.0,sites=10,True,1.85
ship,SV,sv_s15_t0_01_temp5.npz,0.3,,15.0,245.27,C:\Bachelorproef\Github\nerficg\SG_test\npz_files\ship\SV\threshold_0_01\sites_15\inference\threshold_0_3,C:\Bachelorproef\Github\nerficg\output\FasterGS\ship_2026-05-08-15-56-34,28588.02,12.02,1.0,0.0006,260.97333333333336,-15.703333333333347,0.939827824043325,-6.017217595667502,15.0,sites=15,True,1.731818181818182
ship,SV,sv_s8_t0_01_temp5.npz,0.4,,8.0,267.7,C:\Bachelorproef\Github\nerficg\SG_test\npz_files\ship\SV\threshold_0_01\sites_8\inference\threshold_0_4,C:\Bachelorproef\Github\nerficg\output\FasterGS\ship_2026-05-08-15-56-34,30289.74,12.73,1.0,0.0008,260.97333333333336,6.726666666666631,1.0257753027129206,2.577530271292061,8.0,sites=8,True,1.884090909090909
ship,SV,sv_s10_t0_01_temp5.npz,0.4,,10.0,262.9,C:\Bachelorproef\Github\nerficg\SG_test\npz_files\ship\SV\threshold_0_01\sites_10\inference\threshold_0_4,C:\Bachelorproef\Github\nerficg\output\FasterGS\ship_2026-05-08-15-56-34,30861.66,12.97,1.0,0.0008,260.97333333333336,1.9266666666666197,1.0073826189138098,0.7382618913809758,10.0,sites=10,True,1.8113636363636365
ship,SV,sv_s15_t0_01_temp5.npz,0.4,,15.0,247.23,C:\Bachelorproef\Github\nerficg\SG_test\npz_files\ship\SV\threshold_0_01\sites_15\inference\threshold_0_4,C:\Bachelorproef\Github\nerficg\output\FasterGS\ship_2026-05-08-15-56-34,32234.51,13.55,1.0,0.0008,260.97333333333336,-13.743333333333368,0.9473381699279618,-5.266183007203818,15.0,sites=15,True,1.7022727272727272
ship,SV,sv_s8_t0_01_temp5.npz,0.5,,8.0,268.98,C:\Bachelorproef\Github\nerficg\SG_test\npz_files\ship\SV\threshold_0_01\sites_8\inference\threshold_0_5,C:\Bachelorproef\Github\nerficg\output\FasterGS\ship_2026-05-08-15-56-34,34089.01,14.33,1.0,0.001,260.97333333333336,8.00666666666666,1.0306800183926839,3.068001839268386,8.0,sites=8,True,1.8477272727272727
ship,SV,sv_s10_t0_01_temp5.npz,0.5,,10.0,264.64,C:\Bachelorproef\Github\nerficg\SG_test\npz_files\ship\SV\threshold_0_01\sites_10\inference\threshold_0_5,C:\Bachelorproef\Github\nerficg\output\FasterGS\ship_2026-05-08-15-56-34,34687.32,14.58,1.0,0.001,260.97333333333336,3.6666666666666288,1.0140499667909875,1.4049966790987467,10.0,sites=10,True,1.8022727272727272
ship,SV,sv_s15_t0_01_temp5.npz,0.5,,15.0,249.35,C:\Bachelorproef\Github\nerficg\SG_test\npz_files\ship\SV\threshold_0_01\sites_15\inference\threshold_0_5,C:\Bachelorproef\Github\nerficg\output\FasterGS\ship_2026-05-08-15-56-34,36062.78,15.16,1.0,0.001,260.97333333333336,-11.623333333333363,0.9554616052725693,-4.453839472743071,15.0,sites=15,True,1.665909090909091
ship,SV,sv_s15_t0_01_temp5.npz,0.6,,15.0,251.19,C:\Bachelorproef\Github\nerficg\SG_test\npz_files\ship\SV\threshold_0_01\sites_15\inference\threshold_0_6,C:\Bachelorproef\Github\nerficg\output\FasterGS\ship_2026-05-08-15-56-34,40578.79,17.05,1.0,0.0012,260.97333333333336,-9.78333333333336,0.9625121340622285,-3.7487865937771536,15.0,sites=15,True,1.643181818181818
ship,SV,sv_s8_t0_01_temp5.npz,0.6,,8.0,272.13,C:\Bachelorproef\Github\nerficg\SG_test\npz_files\ship\SV\threshold_0_01\sites_8\inference\threshold_0_6,C:\Bachelorproef\Github\nerficg\output\FasterGS\ship_2026-05-08-15-56-34,38586.88,16.22,1.0,0.0013,260.97333333333336,11.156666666666638,1.0427502171358503,4.2750217135850255,8.0,sites=8,True,1.8295454545454546
ship,SV,sv_s15_t0_01_temp5.npz,0.7,,15.0,254.23,C:\Bachelorproef\Github\nerficg\SG_test\npz_files\ship\SV\threshold_0_01\sites_15\inference\threshold_0_7,C:\Bachelorproef\Github\nerficg\output\FasterGS\ship_2026-05-08-15-56-34,46576.08,19.58,1.0,0.0018,260.97333333333336,-6.743333333333368,0.9741608338016654,-2.5839166198334595,15.0,sites=15,True,1.5454545454545454
ship,SV,sv_s8_t0_01_temp5.npz,0.7,,8.0,275.05,C:\Bachelorproef\Github\nerficg\SG_test\npz_files\ship\SV\threshold_0_01\sites_8\inference\threshold_0_7,C:\Bachelorproef\Github\nerficg\output\FasterGS\ship_2026-05-08-15-56-34,44650.73,18.77,1.0,0.002,260.97333333333336,14.076666666666654,1.0539390997803095,5.393909978030953,8.0,sites=8,True,1.727272727272727
ship,SV,sv_s15_t0_01_temp5.npz,0.8,,15.0,259.53,C:\Bachelorproef\Github\nerficg\SG_test\npz_files\ship\SV\threshold_0_01\sites_15\inference\threshold_0_8,C:\Bachelorproef\Github\nerficg\output\FasterGS\ship_2026-05-08-15-56-34,56190.07,23.62,0.999,0.0036,260.97333333333336,-1.4433333333333849,0.9944694221631838,-0.5530577836816208,15.0,sites=15,True,1.0386363636363636
ship,SV,sv_s10_t0_01_temp5.npz,0.8,,10.0,275.9,C:\Bachelorproef\Github\nerficg\SG_test\npz_files\ship\SV\threshold_0_01\sites_10\inference\threshold_0_8,C:\Bachelorproef\Github\nerficg\output\FasterGS\ship_2026-05-08-15-56-34,55125.81,23.17,0.999,0.0038,260.97333333333336,14.92666666666662,1.057196137536402,5.719613753640207,10.0,sites=10,True,1.2340909090909091
ship,SV,sv_s8_t0_01_temp5.npz,0.8,,8.0,281.25,C:\Bachelorproef\Github\nerficg\SG_test\npz_files\ship\SV\threshold_0_01\sites_8\inference\threshold_0_8,C:\Bachelorproef\Github\nerficg\output\FasterGS\ship_2026-05-08-15-56-34,54685.44,22.98,0.999,0.004,260.97333333333336,20.276666666666642,1.0776963163541613,7.76963163541613,8.0,sites=8,True,1.2636363636363637
ship,SV,sv_s15_t0_01_temp5.npz,0.9,,15.0,273.51,C:\Bachelorproef\Github\nerficg\SG_test\npz_files\ship\SV\threshold_0_01\sites_15\inference\threshold_0_9,C:\Bachelorproef\Github\nerficg\output\FasterGS\ship_2026-05-08-15-56-34,78054.75,32.81,0.994,0.0121,260.97333333333336,12.536666666666633,1.0480381137280947,4.8038113728094745,15.0,sites=15,False,0.9568181818181818
ship,SV,sv_s10_t0_01_temp5.npz,0.9,,10.0,292.98,C:\Bachelorproef\Github\nerficg\SG_test\npz_files\ship\SV\threshold_0_01\sites_10\inference\threshold_0_9,C:\Bachelorproef\Github\nerficg\output\FasterGS\ship_2026-05-08-15-56-34,78708.51,33.08,0.994,0.0134,260.97333333333336,32.00666666666666,1.1226434373882388,12.264343738823879,10.0,sites=10,False,1.1159090909090907
ship,SV,sv_s8_t0_01_temp5.npz,0.9,,8.0,298.24,C:\Bachelorproef\Github\nerficg\SG_test\npz_files\ship\SV\threshold_0_01\sites_8\inference\threshold_0_9,C:\Bachelorproef\Github\nerficg\output\FasterGS\ship_2026-05-08-15-56-34,78840.55,33.14,0.993,0.014,260.97333333333336,37.26666666666665,1.1427987533847646,14.279875338476455,8.0,sites=8,False,1.134090909090909
